{ "type": "FeatureCollection", "features": [
{"type":"Feature","geometry":{"type":"Point","coordinates":[-73.95353074430393,40.80297988196676]},"properties":{":id":"row-tbde_c9hk~3xbr",":version":"rv-h4gt_dwmw_47j2",":created_at":"2016-06-22T15:52:53.927Z",":updated_at":"2016-06-22T15:52:53.927Z","name":"115th Street","streetname":"West 115th Street","housenum":"203","city":"New York","zip":"10026","url":"http://www.nypl.org/locations/115th-street","bin":"1055236","bbl":"1018310026","x":"997115.12977","y":"231827.652864","system":"NYPL","borocode":"1"}},
{"type":"Feature","geometry":{"type":"Point","coordinates":[-73.9348475633247,40.80301816141575]},"properties":{":id":"row-btvf.582r.eknd",":version":"rv-ceww-7eam.6pt4",":created_at":"2016-06-22T15:52:53.927Z",":updated_at":"2016-06-22T15:52:53.927Z","name":"125th Street","streetname":"East 125th Street","housenum":"224","city":"New York","zip":"10035","url":"http://www.nypl.org/locations/125th-street","bin":"1054674","bbl":"1017890037","x":"1002287.604","y":"231844.894956","system":"NYPL","borocode":"1"}},
{"type":"Feature","geometry":{"type":"Point","coordinates":[-73.97736329270697,40.76080689474172]},"properties":{":id":"row-beev~viv6.yj3t",":version":"rv-qpwi-zbnu.um3b",":created_at":"2016-06-22T15:52:53.927Z",":updated_at":"2016-06-22T15:52:53.927Z","name":"53rd Street","streetname":"West 53rd Street","housenum":"18","city":"New York","zip":"10019","url":"http://www.nypl.org/locations/53rd-street","bin":"1089376","bbl":"1012687503","x":"990521","y":"216460","system":"NYPL","borocode":"1"}},
{"type":"Feature","geometry":{"type":"Point","coordinates":[-73.9693817046576,40.7621860177235]},"properties":{":id":"row-zgy8~c5eh.7jje",":version":"rv-j4zs-747w-v2x4",":created_at":"2016-06-22T15:52:53.927Z",":updated_at":"2016-06-22T15:52:53.927Z","name":"58th Street","streetname":"East 58th Street","housenum":"127","city":"New York","zip":"10022","url":"http://www.nypl.org/locations/58th-street","bin":"1037165","bbl":"1013130005","x":"992731.946935","y":"216963.13174","system":"NYPL","borocode":"1"}},
{"type":"Feature","geometry":{"type":"Point","coordinates":[-73.95954994584243,40.764915006253425]},"properties":{":id":"row-f8ur_zvne.aqi8",":version":"rv-zgmr.enzh-gkfj",":created_at":"2016-06-22T15:52:53.927Z",":updated_at":"2016-06-22T15:52:53.927Z","name":"67th Street","streetname":"East 67th Street","housenum":"328","city":"New York","zip":"10065","url":"http://www.nypl.org/locations/67th-street","bin":"1044749","bbl":"1014410038","x":"995455.102906","y":"217958.496876","system":"NYPL","borocode":"1"}},
{"type":"Feature","geometry":{"type":"Point","coordinates":[-73.9518056716208,40.785959798621555]},"properties":{":id":"row-trfx_rux9.2qvc",":version":"rv-qfyd.jm6h_xbss",":created_at":"2016-06-22T15:52:53.927Z",":updated_at":"2016-06-22T15:52:53.927Z","name":"96th Street","streetname":"East 96th Street","housenum":"112","city":"New York","zip":"10128","url":"http://www.nypl.org/locations/96th-street","bin":"1048501","bbl":"1015240064","x":"997596.132088","y":"225626.905751","system":"NYPL","borocode":"1"}},
{"type":"Feature","geometry":{"type":"Point","coordinates":[-73.94345827853815,40.79421476546373]},"properties":{":id":"row-n3i5.hy38_ysqs",":version":"rv-p4rr-3dnu_stwz",":created_at":"2016-06-22T15:52:53.927Z",":updated_at":"2016-06-22T15:52:53.927Z","name":"Aguilar","streetname":"East 110th Street","housenum":"174","city":"New York","zip":"10029","url":"http://www.nypl.org/locations/aguilar","bin":"1052167","bbl":"1016370141","x":"999905.778015","y":"228635.855591","system":"NYPL","borocode":"1"}},
{"type":"Feature","geometry":{"type":"Point","coordinates":[-73.86322248483968,40.866804429026935]},"properties":{":id":"row-69jc~xnwh_2yup",":version":"rv-nfjt_rsaj.tajd",":created_at":"2016-06-22T15:52:53.927Z",":updated_at":"2016-06-22T15:52:53.927Z","name":"Allerton","streetname":"Barnes Avenue","housenum":"2740","city":"Bronx","zip":"10467","url":"http://www.nypl.org/locations/allerton","bin":"2053752","bbl":"2045130016","x":"1022080.87479","y":"255107.424218","system":"NYPL","borocode":"2"}},
{"type":"Feature","geometry":{"type":"Point","coordinates":[-73.99335691118674,40.74046545561088]},"properties":{":id":"row-mtma_f82g.c7g7",":version":"rv-sz4r~5a9q-9czv",":created_at":"2016-06-22T15:52:53.927Z",":updated_at":"2016-06-22T15:52:53.927Z","name":"Andrew Heiskell Braille and Talking Book","streetname":"West 20th Street","housenum":"40","city":"New York","zip":"10011","url":"http://www.nypl.org/locations/heiskell","bin":"1076145","bbl":"1008217501","x":"986090.883117","y":"209048.217124","system":"NYPL","borocode":"1"}},
{"type":"Feature","geometry":{"type":"Point","coordinates":[-74.0157487123272,40.715690873439094]},"properties":{":id":"row-ceua~r8je-48y6",":version":"rv-rmyu-uap5~upu3",":created_at":"2016-06-22T15:52:53.927Z",":updated_at":"2016-06-22T15:52:53.927Z","name":"Battery Park City Library","streetname":"North End Avenue","housenum":"175","city":"New York","zip":"10282","url":"http://www.nypl.org/locations/battery-park-city","bin":"1087518","bbl":"1000167516","x":"979884.211806","y":"200022.388889","system":"NYPL","borocode":"1"}},
{"type":"Feature","geometry":{"type":"Point","coordinates":[-73.82931594567218,40.87075330808789]},"properties":{":id":"row-wqcn.jibi~d6es",":version":"rv-2f5h.66wq_4k9m",":created_at":"2016-06-22T15:52:53.927Z",":updated_at":"2016-06-22T15:52:53.927Z","name":"Baychester","streetname":"Asch Loop North","housenum":"2049","city":"Bronx","zip":"10475","url":"http://www.nypl.org/locations/baychester","bin":"2097466","bbl":"2051410100","x":"1031456.16667","y":"256562.611111","system":"NYPL","borocode":"2"}},
{"type":"Feature","geometry":{"type":"Point","coordinates":[-73.88788268526544,40.85434421451861]},"properties":{":id":"row-38qa_ffgm.2tf2",":version":"rv-m37a.j5kz_6h8v",":created_at":"2016-06-22T15:52:53.927Z",":updated_at":"2016-06-22T15:52:53.927Z","name":"Belmont Library and Enrico Fermi Cultural Center","streetname":"East 186th Street","housenum":"610","city":"Bronx","zip":"10458","url":"http://www.nypl.org/locations/belmont","bin":"2012129","bbl":"2030730020","x":"1015266","y":"250558","system":"NYPL","borocode":"2"}},
{"type":"Feature","geometry":{"type":"Point","coordinates":[-73.96760677135273,40.79587354648015]},"properties":{":id":"row-vij4.vr3e.qama",":version":"rv-rmyy.c3r8_dzkq",":created_at":"2016-06-22T15:52:53.927Z",":updated_at":"2016-06-22T15:52:53.927Z","name":"Bloomingdale","streetname":"West 100th Street","housenum":"150","city":"New York","zip":"10025","url":"http://www.nypl.org/locations/bloomingdale","bin":"1055906","bbl":"1018520049","x":"993219.104167","y":"229236.8125","system":"NYPL","borocode":"1"}},
{"type":"Feature","geometry":{"type":"Point","coordinates":[-73.89450288645044,40.86298060519321]},"properties":{":id":"row-rvtv.zr6u.v9nh",":version":"rv-sje4.9nyy.qr42",":created_at":"2016-06-22T15:52:53.927Z",":updated_at":"2016-06-22T15:52:53.927Z","name":"Bronx Library Center","streetname":"East Kingsbridge Road","housenum":"310","city":"Bronx","zip":"10458","url":"http://www.nypl.org/locations/bronx-library-center","bin":"2116006","bbl":"2031540083","x":"1013430.80678","y":"253702.292842","system":"NYPL","borocode":"2"}},
{"type":"Feature","geometry":{"type":"Point","coordinates":[-73.85017019717382,40.82662920810023]},"properties":{":id":"row-3s6s_g9v5~tph9",":version":"rv-5ebr~zc2p~cj24",":created_at":"2016-06-22T15:52:53.927Z",":updated_at":"2016-06-22T15:52:53.927Z","name":"Castle Hill","streetname":"Castle Hill Avenue","housenum":"947","city":"Bronx","zip":"10473","url":"http://www.nypl.org/locations/castle-hill","bin":"2022944","bbl":"2036880042","x":"1025716","y":"240476","system":"NYPL","borocode":"2"}},
{"type":"Feature","geometry":{"type":"Point","coordinates":[-73.99648986636721,40.71333307050747]},"properties":{":id":"row-bejj-vptp-s8pq",":version":"rv-b324_jyu2.ch5a",":created_at":"2016-06-22T15:52:53.927Z",":updated_at":"2016-06-22T15:52:53.927Z","name":"Chatham Square","streetname":"East Broadway","housenum":"33","city":"New York","zip":"10002","url":"http://www.nypl.org/locations/chatham-square","bin":"1003425","bbl":"1002800044","x":"985223.098108","y":"199162.996737","system":"NYPL","borocode":"1"}},
{"type":"Feature","geometry":{"type":"Point","coordinates":[-73.78636658900808,40.8476919036199]},"properties":{":id":"row-qga3-hgsz_bwed",":version":"rv-ufq8-wcnb_hwbs",":created_at":"2016-06-22T15:52:53.927Z",":updated_at":"2016-06-22T15:52:53.927Z","name":"City Island","streetname":"City Island Avenue","housenum":"320","city":"Bronx","zip":"10464","url":"http://www.nypl.org/locations/city-island","bin":"2082611","bbl":"2056440007","x":"1043355.15999","y":"248186.534188","system":"NYPL","borocode":"2"}},
{"type":"Feature","geometry":{"type":"Point","coordinates":[-73.87502060024048,40.82999287527917]},"properties":{":id":"row-6j6g~pu3a~ry7i",":version":"rv-zvah_vvi5~57sv",":created_at":"2016-06-22T15:52:53.927Z",":updated_at":"2016-06-22T15:52:53.927Z","name":"Clason's Point","streetname":"Morrison Avenue","housenum":"1215","city":"Bronx","zip":"10472","url":"http://www.nypl.org/locations/clasons-point","bin":"2025381","bbl":"2037770062","x":"1018836.80778","y":"241690.718112","system":"NYPL","borocode":"2"}},
{"type":"Feature","geometry":{"type":"Point","coordinates":[-73.99122081783712,40.764934618394804]},"properties":{":id":"row-cevy-mapt~ttut",":version":"rv-hcjn~aw48.zwb4",":created_at":"2016-06-22T15:52:53.927Z",":updated_at":"2016-06-22T15:52:53.927Z","name":"Columbus","streetname":"10th Avenue","housenum":"742","city":"New York","zip":"10019","url":"http://www.nypl.org/locations/columbus","bin":"1026706","bbl":"1010600063","x":"986681.927867","y":"217963.176984","system":"NYPL","borocode":"1"}},
{"type":"Feature","geometry":{"type":"Point","coordinates":[-73.94116092350963,40.81483582138157]},"properties":{":id":"row-wikr.bzy4_iacu",":version":"rv-u9yh~guey-m9jp",":created_at":"2016-06-22T15:52:53.927Z",":updated_at":"2016-06-22T15:52:53.927Z","name":"Countee Cullen","streetname":"West 136th Street","housenum":"104","city":"New York","zip":"10030","url":"http://www.nypl.org/locations/countee-cullen","bin":"1058275","bbl":"1019200026","x":"1000536.84375","y":"236149.25","system":"NYPL","borocode":"1"}},
{"type":"Feature","geometry":{"type":"Point","coordinates":[-74.1011372893581,40.59039133599787]},"properties":{":id":"row-znha.x87m.cghb",":version":"rv-9qkb~48ux.hfnm",":created_at":"2016-06-22T15:52:53.927Z",":updated_at":"2016-06-22T15:52:53.927Z","name":"Dongan Hills","streetname":"Richmond Road","housenum":"1617","city":"Staten Island","zip":"10304","url":"http://www.nypl.org/locations/dongan-hills","bin":"5022895","bbl":"5008830008","x":"956160.468897","y":"154388.115158","system":"NYPL","borocode":"5"}},
{"type":"Feature","geometry":{"type":"Point","coordinates":[-73.84506427532864,40.87013970297055]},"properties":{":id":"row-53ke_9ujd.kxu5",":version":"rv-dqi4.8ij7~yykj",":created_at":"2016-06-22T15:52:53.927Z",":updated_at":"2016-06-22T15:52:53.927Z","name":"Eastchester","streetname":"East Gun Hill Road","housenum":"1385","city":"Bronx","zip":"10469","url":"http://www.nypl.org/locations/eastchester","bin":"2061767","bbl":"2047620022","x":"1027101.04421","y":"256330.955892","system":"NYPL","borocode":"2"}},
{"type":"Feature","geometry":{"type":"Point","coordinates":[-73.84083712785493,40.88889489584642]},"properties":{":id":"row-e3xd_5by2_7pti",":version":"rv-xg9r.frw7-9cxa",":created_at":"2016-06-22T15:52:53.927Z",":updated_at":"2016-06-22T15:52:53.927Z","name":"Edenwald","streetname":"East 233rd Street","housenum":"1255","city":"Bronx","zip":"10466","url":"http://www.nypl.org/locations/edenwald","bin":"2066596","bbl":"2049560001","x":"1028257.74202","y":"263166.306066","system":"NYPL","borocode":"2"}},
{"type":"Feature","geometry":{"type":"Point","coordinates":[-73.98204888964264,40.738087120390595]},"properties":{":id":"row-px84_ewvb~ww9v",":version":"rv-cy8h-jqm7_c4mm",":created_at":"2016-06-22T15:52:53.927Z",":updated_at":"2016-06-22T15:52:53.927Z","name":"Epiphany","streetname":"East 23rd Street","housenum":"228","city":"New York","zip":"10010","url":"http://www.nypl.org/locations/epiphany","bin":"1019661","bbl":"1009030046","x":"989224.655065","y":"208182.154224","system":"NYPL","borocode":"1"}},
{"type":"Feature","geometry":{"type":"Point","coordinates":[-73.93386591312449,40.847870041168214]},"properties":{":id":"row-2h7m-6jad_smv4",":version":"rv-vksq~hqes.6gz2",":created_at":"2016-06-22T15:52:53.927Z",":updated_at":"2016-06-22T15:52:53.927Z","name":"Fort Washington","streetname":"West 179th Street","housenum":"535","city":"New York","zip":"10033","url":"http://www.nypl.org/locations/fort-washington","bin":"1063632","bbl":"1021530053","x":"1002547.03885","y":"248186.270081","system":"NYPL","borocode":"1"}},
{"type":"Feature","geometry":{"type":"Point","coordinates":[-73.90931635032427,40.85742189422779]},"properties":{":id":"row-qv78_h9pi.tw85",":version":"rv-zfhx_n647_im4b",":created_at":"2016-06-22T15:52:53.927Z",":updated_at":"2016-06-22T15:52:53.927Z","name":"Francis Martin","streetname":"University Avenue","housenum":"2150","city":"Bronx","zip":"10453","url":"http://www.nypl.org/locations/francis-martin","bin":"2014579","bbl":"2032110005","x":"1009335.45802","y":"251672.452413","system":"NYPL","borocode":"2"}},
{"type":"Feature","geometry":{"type":"Point","coordinates":[-73.95705320654999,40.813768964572695]},"properties":{":id":"row-6v5z~iu8q.qbcj",":version":"rv-i3ii-hriv_93jb",":created_at":"2016-06-22T15:52:53.927Z",":updated_at":"2016-06-22T15:52:53.927Z","name":"George Bruce","streetname":"West 125th Street","housenum":"518","city":"New York","zip":"10027","url":"http://www.nypl.org/locations/george-bruce","bin":"1059688","bbl":"1019800022","x":"996138","y":"235758","system":"NYPL","borocode":"1"}},
{"type":"Feature","geometry":{"type":"Point","coordinates":[-73.97356771683344,40.754067875550625]},"properties":{":id":"row-fvbi_uxbv.uezk",":version":"rv-6yrx-xtbj.inj9",":created_at":"2016-06-22T15:52:53.927Z",":updated_at":"2016-06-22T15:52:53.927Z","name":"Grand Central","streetname":"East 46th Street","housenum":"135","city":"New York","zip":"10017","url":"http://www.nypl.org/locations/grand-central","bin":"1036206","bbl":"1013010023","x":"991573.221234","y":"214005.050058","system":"NYPL","borocode":"1"}},
{"type":"Feature","geometry":{"type":"Point","coordinates":[-73.91008714449384,40.844001911750446]},"properties":{":id":"row-pwnw-hxqy_5j9i",":version":"rv-yzp6~eijc~97sz",":created_at":"2016-06-22T15:52:53.927Z",":updated_at":"2016-06-22T15:52:53.927Z","name":"Grand Concourse","streetname":"East 173rd Street","housenum":"155","city":"Bronx","zip":"10457","url":"http://www.nypl.org/locations/grand-concourse","bin":"2007870","bbl":"2028240034","x":"1009127.25502","y":"246782.825054","system":"NYPL","borocode":"2"}},
{"type":"Feature","geometry":{"type":"Point","coordinates":[-74.15111164313684,40.55242326280796]},"properties":{":id":"row-k55p-5e2d_dvk8",":version":"rv-8j9y-f8yt.dafy",":created_at":"2016-06-22T15:52:53.927Z",":updated_at":"2016-06-22T15:52:53.927Z","name":"Great Kills","streetname":"Giffords Lane","housenum":"56","city":"Staten Island","zip":"10308","url":"http://www.nypl.org/locations/great-kills","bin":"5070285","bbl":"5054360019","x":"942256.908778","y":"140575.415093","system":"NYPL","borocode":"5"}},
{"type":"Feature","geometry":{"type":"Point","coordinates":[-73.97942314417445,40.71978015438276]},"properties":{":id":"row-kc8w-vcrm_srkj",":version":"rv-xcmh-gc52-sf8q",":created_at":"2016-06-22T15:52:53.927Z",":updated_at":"2016-06-22T15:52:53.927Z","name":"Hamilton Fish Park","streetname":"East Houston Street","housenum":"415","city":"New York","zip":"10002","url":"http://www.nypl.org/locations/hamilton-fish-park","bin":"1004070","bbl":"1003350001","x":"989953.874634","y":"201512.516602","system":"NYPL","borocode":"1"}},
{"type":"Feature","geometry":{"type":"Point","coordinates":[-73.94803241890192,40.82567237379984]},"properties":{":id":"row-xmah~xzja~jrbr",":version":"rv-d748.j9i9-u5q6",":created_at":"2016-06-22T15:52:53.927Z",":updated_at":"2016-06-22T15:52:53.927Z","name":"Hamilton Grange","streetname":"West 145th Street","housenum":"503","city":"New York","zip":"10031","url":"http://www.nypl.org/locations/hamilton-grange","bin":"1061938","bbl":"1020770026","x":"998632.449898","y":"240096.19407","system":"NYPL","borocode":"1"}},
{"type":"Feature","geometry":{"type":"Point","coordinates":[-73.94331559838257,40.80616044207548]},"properties":{":id":"row-j7uj-z5mc~7xpx",":version":"rv-jnf4_q5c3-as6e",":created_at":"2016-06-22T15:52:53.927Z",":updated_at":"2016-06-22T15:52:53.927Z","name":"Harlem","streetname":"West 124th Street","housenum":"9","city":"New York","zip":"10027","url":"http://www.nypl.org/locations/harlem","bin":"1053460","bbl":"1017220030","x":"999942.468275","y":"232988.107892","system":"NYPL","borocode":"1"}},
{"type":"Feature","geometry":{"type":"Point","coordinates":[-73.92355090156951,40.837960016855035]},"properties":{":id":"row-dr9y.qw3z.z6nu",":version":"rv-xvu4_t9d5.52mw",":created_at":"2016-06-22T15:52:53.927Z",":updated_at":"2016-06-22T15:52:53.927Z","name":"High Bridge","streetname":"West 168th Street","housenum":"78","city":"Bronx","zip":"10452","url":"http://www.nypl.org/locations/high-bridge","bin":"2003163","bbl":"2025100027","x":"1005404","y":"244578","system":"NYPL","borocode":"2"}},
{"type":"Feature","geometry":{"type":"Point","coordinates":[-74.00533101445356,40.72998291458653]},"properties":{":id":"row-mpvi-tjaj-w3cw",":version":"rv-yg78.z2g5-tbjx",":created_at":"2016-06-22T15:52:53.927Z",":updated_at":"2016-06-22T15:52:53.927Z","name":"Hudson Park","streetname":"Leroy Street","housenum":"66","city":"New York","zip":"10014","url":"http://www.nypl.org/locations/hudson-park","bin":"1009760","bbl":"1005820018","x":"982772.476696","y":"205229.072859","system":"NYPL","borocode":"1"}},
{"type":"Feature","geometry":{"type":"Point","coordinates":[-74.19322900650182,40.534078493080344]},"properties":{":id":"row-zs93_syty.6bys",":version":"rv-cvk4~d56j_8upr",":created_at":"2016-06-22T15:52:53.927Z",":updated_at":"2016-06-22T15:52:53.927Z","name":"Huguenot Park","streetname":"Huguenot Avenue","housenum":"830","city":"Staten Island","zip":"10312","url":"http://www.nypl.org/locations/huguenot-park","bin":"5083401","bbl":"5068170001","x":"930538","y":"133915","system":"NYPL","borocode":"5"}},
{"type":"Feature","geometry":{"type":"Point","coordinates":[-73.89413216580388,40.818670087188615]},"properties":{":id":"row-xnj6_gjrz_5i4x",":version":"rv-sp84_dsnw-etfp",":created_at":"2016-06-22T15:52:53.927Z",":updated_at":"2016-06-22T15:52:53.927Z","name":"Hunts Point","streetname":"Southern Boulevard","housenum":"877","city":"Bronx","zip":"10459","url":"http://www.nypl.org/locations/hunts-point","bin":"2005755","bbl":"2027220063","x":"1013552.86041","y":"237558.447998","system":"NYPL","borocode":"2"}},
{"type":"Feature","geometry":{"type":"Point","coordinates":[-73.92586290917251,40.865748720737024]},"properties":{":id":"row-mh92.28qi-v9pp",":version":"rv-bdkj-jm8m_mvc3",":created_at":"2016-06-22T15:52:53.927Z",":updated_at":"2016-06-22T15:52:53.927Z","name":"Inwood","streetname":"Broadway","housenum":"4790","city":"New York","zip":"10034","url":"http://www.nypl.org/locations/inwood","bin":"1064894","bbl":"1022330013","x":"1004755.68262","y":"254701.930603","system":"NYPL","borocode":"1"}},
{"type":"Feature","geometry":{"type":"Point","coordinates":[-73.99916928513315,40.73463470830847]},"properties":{":id":"row-59pb~efwx_6f4n",":version":"rv-evys_ihey_ah3z",":created_at":"2016-06-22T15:52:53.927Z",":updated_at":"2016-06-22T15:52:53.927Z","name":"Jefferson Market","streetname":"Avenue of the Americas","housenum":"425","city":"New York","zip":"10011","url":"http://www.nypl.org/locations/jefferson-market","bin":"1082668","bbl":"1006060001","x":"984480.221619","y":"206923.823242","system":"NYPL","borocode":"1"}},
{"type":"Feature","geometry":{"type":"Point","coordinates":[-73.90119235962918,40.86906986689302]},"properties":{":id":"row-4aje~uwm2~5gsf",":version":"rv-rbpr_4pxx-c6m2",":created_at":"2016-06-22T15:52:53.927Z",":updated_at":"2016-06-22T15:52:53.927Z","name":"Jerome Park","streetname":"Eames Place","housenum":"118","city":"Bronx","zip":"10468","url":"http://www.nypl.org/locations/jerome-park","bin":"2015263","bbl":"2032480070","x":"1011577.97742","y":"255918.689392","system":"NYPL","borocode":"2"}},
{"type":"Feature","geometry":{"type":"Point","coordinates":[-73.90770595199646,40.88069989038004]},"properties":{":id":"row-tj7j~baq7-8i4k",":version":"rv-vei5-8jhf_b67e",":created_at":"2016-06-22T15:52:53.927Z",":updated_at":"2016-06-22T15:52:53.927Z","name":"Kingsbridge","streetname":"West 231st Street","housenum":"291","city":"Bronx","zip":"10463","url":"http://www.nypl.org/locations/kingsbridge","bin":"2119474","bbl":"2057130123","x":"1009772","y":"260154","system":"NYPL","borocode":"2"}},
{"type":"Feature","geometry":{"type":"Point","coordinates":[-73.97990195853163,40.74380962013242]},"properties":{":id":"row-xi29_32kh.swgy",":version":"rv-srti-kgpa~bdcu",":created_at":"2016-06-22T15:52:53.927Z",":updated_at":"2016-06-22T15:52:53.927Z","name":"Kips Bay","streetname":"Third Avenue","housenum":"446","city":"New York","zip":"10016","url":"http://www.nypl.org/locations/kips-bay","bin":"1018325","bbl":"1008860051","x":"989819.139587","y":"210267.171631","system":"NYPL","borocode":"1"}},
{"type":"Feature","geometry":{"type":"Point","coordinates":[-73.93586246250698,40.82653201339423]},"properties":{":id":"row-x56u.ecex-eet9",":version":"rv-ewbz-meah~td8y",":created_at":"2016-06-22T15:52:53.927Z",":updated_at":"2016-06-22T15:52:53.927Z","name":"Macomb's Bridge","streetname":"Adam Clayton Powell Jr. Boulevard","housenum":"2650","city":"New York","zip":"10039","url":"http://www.nypl.org/locations/macombs-bridge","bin":"1084156","bbl":"1020370011","x":"1002000.35413","y":"240411.62427","system":"NYPL","borocode":"1"}},
{"type":"Feature","geometry":{"type":"Point","coordinates":[-74.16658190502365,40.63469343184469]},"properties":{":id":"row-3eau~dpvh.nrwa",":version":"rv-uhuf-d3pa.r7yq",":created_at":"2016-06-22T15:52:53.927Z",":updated_at":"2016-06-22T15:52:53.927Z","name":"Mariners Harbor","streetname":"South Ave","housenum":"206","city":"Staten Island","zip":"10303","url":"http://www.nypl.org/locations/mariners-harbor","bin":"5109138","bbl":"5012660064","x":"938014.8125","y":"170556.270833","system":"NYPL","borocode":"5"}},
{"type":"Feature","geometry":{"type":"Point","coordinates":[-73.91758393603561,40.826584558970666]},"properties":{":id":"row-7nwy_76dd~h49i",":version":"rv-ffiy_87tn-ffwh",":created_at":"2016-06-22T15:52:53.927Z",":updated_at":"2016-06-22T15:52:53.927Z","name":"Melrose","streetname":"Morris Avenue","housenum":"910","city":"Bronx","zip":"10451","url":"http://www.nypl.org/locations/melrose","bin":"2001950","bbl":"2024220001","x":"1007059","y":"240435","system":"NYPL","borocode":"2"}},
{"type":"Feature","geometry":{"type":"Point","coordinates":[-73.98169851078917,40.75189156171031]},"properties":{":id":"row-dkpg_5kik.w7sd",":version":"rv-9rcm_viu2_65ei",":created_at":"2016-06-22T15:52:53.927Z",":updated_at":"2016-06-22T15:52:53.927Z","name":"Mid-Manhattan","streetname":"Fifth Avenue","housenum":"455","city":"New York","zip":"10016","url":"http://www.nypl.org/locations/mid-manhattan-library","bin":"1017602","bbl":"1008690074","x":"989320.702117","y":"213211.573299","system":"NYPL","borocode":"1"}},
{"type":"Feature","geometry":{"type":"Point","coordinates":[-73.96477561597041,40.80613025800837]},"properties":{":id":"row-akyg-3scs.xdhy",":version":"rv-bc3p_czfa~v5gf",":created_at":"2016-06-22T15:52:53.927Z",":updated_at":"2016-06-22T15:52:53.927Z","name":"Morningside Heights","streetname":"Broadway","housenum":"2900","city":"New York","zip":"10025","url":"http://www.nypl.org/locations/morningside-heights","bin":"1057018","bbl":"1018857501","x":"994001.497437","y":"232973.994019","system":"NYPL","borocode":"1"}},
{"type":"Feature","geometry":{"type":"Point","coordinates":[-73.85695785375374,40.84802911005552]},"properties":{":id":"row-ca2x-z5f7-jb7y",":version":"rv-3gh3.fjtz-e423",":created_at":"2016-06-22T15:52:53.927Z",":updated_at":"2016-06-22T15:52:53.927Z","name":"Morris Park","streetname":"Morris Park Avenue","housenum":"985","city":"Bronx","zip":"10462","url":"http://www.nypl.org/locations/morris-park","bin":"2045398","bbl":"2041260040","x":"1023824.75876","y":"248269.629823","system":"NYPL","borocode":"2"}},
{"type":"Feature","geometry":{"type":"Point","coordinates":[-73.90179407206183,40.83126291201479]},"properties":{":id":"row-psbq~ncuu.c5wk",":version":"rv-b3s8~uvdh~r5ik",":created_at":"2016-06-22T15:52:53.927Z",":updated_at":"2016-06-22T15:52:53.927Z","name":"Morrisania","streetname":"East 169th Street","housenum":"610","city":"Bronx","zip":"10456","url":"http://www.nypl.org/locations/morrisania","bin":"2004303","bbl":"2026150023","x":"1011427","y":"242144","system":"NYPL","borocode":"2"}},
{"type":"Feature","geometry":{"type":"Point","coordinates":[-73.87838435032448,40.87437981398938]},"properties":{":id":"row-2wgv.3w9f.d5v7",":version":"rv-sryb.89aa_4cmz",":created_at":"2016-06-22T15:52:53.927Z",":updated_at":"2016-06-22T15:52:53.927Z","name":"Mosholu","streetname":"East 205th Street","housenum":"285","city":"Bronx","zip":"10467","url":"http://www.nypl.org/locations/mosholu","bin":"2018123","bbl":"2033410076","x":"1017883.47176","y":"257861.247122","system":"NYPL","borocode":"2"}},
{"type":"Feature","geometry":{"type":"Point","coordinates":[-73.92438195200242,40.81158963775246]},"properties":{":id":"row-e6ak.d6xp_bjkb",":version":"rv-9cfe.8ij6~jjzb",":created_at":"2016-06-22T15:52:53.927Z",":updated_at":"2016-06-22T15:52:53.927Z","name":"Mott Haven","streetname":"East 140th Street","housenum":"321","city":"Bronx","zip":"10454","url":"http://www.nypl.org/locations/mott-haven","bin":"2000744","bbl":"2023150018","x":"1005182.33643","y":"234970.114197","system":"NYPL","borocode":"2"}},
{"type":"Feature","geometry":{"type":"Point","coordinates":[-73.9959685690698,40.74448733065495]},"properties":{":id":"row-wwkb~gjwd.h6dj",":version":"rv-fmjp.gzua~8bfq",":created_at":"2016-06-22T15:52:53.927Z",":updated_at":"2016-06-22T15:52:53.927Z","name":"Muhlenberg","streetname":"West 23rd Street","housenum":"209","city":"New York","zip":"10011","url":"http://www.nypl.org/locations/muhlenberg","bin":"1014150","bbl":"1007730038","x":"985367.092407","y":"210513.470032","system":"NYPL","borocode":"1"}},
{"type":"Feature","geometry":{"type":"Point","coordinates":[-73.99568416859454,40.72413926605543]},"properties":{":id":"row-87qr.7dx2~zggv",":version":"rv-25ij_c5wz~5rhk",":created_at":"2016-06-22T15:52:53.927Z",":updated_at":"2016-06-22T15:52:53.927Z","name":"Mulberry Street","streetname":"Jersey Street","housenum":"10","city":"New York","zip":"10012","url":"http://www.nypl.org/locations/mulberry-street","bin":"1007931","bbl":"1005107501","x":"985446.264038","y":"203100.03479","system":"NYPL","borocode":"1"}},
{"type":"Feature","geometry":{"type":"Point","coordinates":[-74.00786921340098,40.71357685109021]},"properties":{":id":"row-eb3k-nvbg-rp7z",":version":"rv-x3dv.ww7d-2fep",":created_at":"2016-06-22T15:52:53.927Z",":updated_at":"2016-06-22T15:52:53.927Z","name":"New Amsterdam","streetname":"Murray Street","housenum":"9","city":"New York","zip":"10007","url":"http://www.nypl.org/locations/new-amsterdam","bin":"1001446","bbl":"1001347503","x":"982068.462402","y":"199251.891785","system":"NYPL","borocode":"1"}},
{"type":"Feature","geometry":{"type":"Point","coordinates":[-74.11195814748115,40.57193184836513]},"properties":{":id":"row-r6be~i58j~xkgt",":version":"rv-9znu.t2hn-5bnm",":created_at":"2016-06-22T15:52:53.927Z",":updated_at":"2016-06-22T15:52:53.927Z","name":"New Dorp","streetname":"New Dorp Lane","housenum":"309","city":"Staten Island","zip":"10306","url":"http://www.nypl.org/locations/new-dorp","bin":"5052750","bbl":"5036430005","x":"953146.526106","y":"147666.523943","system":"NYPL","borocode":"5"}},
{"type":"Feature","geometry":{"type":"Point","coordinates":[-73.98454684522841,40.7735069911927]},"properties":{":id":"row-8f3m-jz5p-x2fk",":version":"rv-x2i9.5chu.ywgy",":created_at":"2016-06-22T15:52:53.927Z",":updated_at":"2016-06-22T15:52:53.927Z","name":"Library for the Performing Arts, Dorothy and Lewis B. Cullman Center","streetname":"Lincoln Center Plaza","housenum":"40","city":"New York","zip":"10023","url":"http://www.nypl.org/locations/lpa","bin":"1028832","bbl":"1011340025","x":"988530.139066","y":"221086.633008","system":"NYPL","borocode":"1"}},
{"type":"Feature","geometry":{"type":"Point","coordinates":[-73.98774284104663,40.72890664078863]},"properties":{":id":"row-xmij~82d8~qdch",":version":"rv-fayi~twpm_naia",":created_at":"2016-06-22T15:52:53.927Z",":updated_at":"2016-06-22T15:52:53.927Z","name":"Ottendorfer","streetname":"Second Avenue","housenum":"135","city":"New York","zip":"10003","url":"http://www.nypl.org/locations/ottendorfer","bin":"1079841","bbl":"1004640039","x":"987647.201599","y":"204837.145386","system":"NYPL","borocode":"1"}},
{"type":"Feature","geometry":{"type":"Point","coordinates":[-73.85835004816082,40.83378098529545]},"properties":{":id":"row-dvmm_bt45-6yjg",":version":"rv-42ca_kvg8~4iq7",":created_at":"2016-06-22T15:52:53.927Z",":updated_at":"2016-06-22T15:52:53.927Z","name":"Parkchester","streetname":"Westchester Avenue","housenum":"1985","city":"Bronx","zip":"10462","url":"http://www.nypl.org/locations/parkchester","bin":"2028890","bbl":"2039300059","x":"1023447.98199","y":"243077.88562","system":"NYPL","borocode":"2"}},
{"type":"Feature","geometry":{"type":"Point","coordinates":[-73.82790017237492,40.844317529931516]},"properties":{":id":"row-j6id.yad8_bmyx",":version":"rv-mbwc-khj2-q4u8",":created_at":"2016-06-22T15:52:53.927Z",":updated_at":"2016-06-22T15:52:53.927Z","name":"Pelham Bay","streetname":"Middletown Road","housenum":"3060","city":"Bronx","zip":"10461","url":"http://www.nypl.org/locations/pelham-bay","bin":"2074963","bbl":"2054040002","x":"1031866.65021","y":"246931.824829","system":"NYPL","borocode":"2"}},
{"type":"Feature","geometry":{"type":"Point","coordinates":[-73.8641466616336,40.85487588027384]},"properties":{":id":"row-qmp4.xx7x_inei",":version":"rv-kevy-jzbj-n4gs",":created_at":"2016-06-22T15:52:53.927Z",":updated_at":"2016-06-22T15:52:53.927Z","name":"Pelham Parkway-Van Nest","streetname":"Barnes Avenue","housenum":"2147","city":"Bronx","zip":"10462","url":"http://www.nypl.org/locations/pelham-parkway-van-nest","bin":"2049427","bbl":"2043210070","x":"1021832","y":"250761","system":"NYPL","borocode":"2"}},
{"type":"Feature","geometry":{"type":"Point","coordinates":[-74.13110461508398,40.63758561600359]},"properties":{":id":"row-q26m-pzdz~u9my",":version":"rv-rte9~x8sw_ihm8",":created_at":"2016-06-22T15:52:53.927Z",":updated_at":"2016-06-22T15:52:53.927Z","name":"Port Richmond","streetname":"Bennett Street","housenum":"75","city":"Staten Island","zip":"10302","url":"http://www.nypl.org/locations/port-richmond","bin":"5023763","bbl":"5010070026","x":"947863.183982","y":"171593.238884","system":"NYPL","borocode":"5"}},
{"type":"Feature","geometry":{"type":"Point","coordinates":[-74.13853387646311,40.566530146210184]},"properties":{":id":"row-krp8_9bif-9bhg",":version":"rv-jfu9_tmjp_bt6k",":created_at":"2016-06-22T15:52:53.927Z",":updated_at":"2016-06-22T15:52:53.927Z","name":"Richmondtown","streetname":"Clarke Avenue","housenum":"200","city":"Staten Island","zip":"10306","url":"http://www.nypl.org/locations/richmondtown","bin":"5060744","bbl":"5044700001","x":"945760.325655","y":"145709.109879","system":"NYPL","borocode":"5"}},
{"type":"Feature","geometry":{"type":"Point","coordinates":[-73.90277254280693,40.90372277707978]},"properties":{":id":"row-vtvc.6jcm.tfi5",":version":"rv-ctcx.mycv~m4ni",":created_at":"2016-06-22T15:52:53.927Z",":updated_at":"2016-06-22T15:52:53.927Z","name":"Riverdale","streetname":"Mosholu Avenue","housenum":"5540","city":"Bronx","zip":"10471","url":"http://www.nypl.org/locations/riverdale","bin":"2084790","bbl":"2058481729","x":"1011126.92097","y":"268543.647017","system":"NYPL","borocode":"2"}},
{"type":"Feature","geometry":{"type":"Point","coordinates":[-73.98451216196563,40.77423207861022]},"properties":{":id":"row-mk6s_r47s~qztd",":version":"rv-knmy_wywd.2suw",":created_at":"2016-06-22T15:52:53.927Z",":updated_at":"2016-06-22T15:52:53.927Z","name":"Riverside","streetname":"Amsterdam Avenue","housenum":"127","city":"New York","zip":"10023","url":"http://www.nypl.org/locations/riverside","bin":"1077844","bbl":"1011377501","x":"988539.698792","y":"221350.808228","system":"NYPL","borocode":"1"}},
{"type":"Feature","geometry":{"type":"Point","coordinates":[-73.95020567413508,40.76123275727826]},"properties":{":id":"row-7ws6-bvs2-w3xp",":version":"rv-eirt.43j3~nthz",":created_at":"2016-06-22T15:52:53.927Z",":updated_at":"2016-06-22T15:52:53.927Z","name":"Roosevelt Island","streetname":"Main Street","housenum":"524","city":"New York","zip":"10044","url":"http://www.nypl.org/locations/roosevelt-island","bin":"1084695","bbl":"1013730030","x":"998044.32959","y":"216618.265808","system":"NYPL","borocode":"1"}},
{"type":"Feature","geometry":{"type":"Point","coordinates":[-73.94094393837611,40.81464862404033]},"properties":{":id":"row-emwb_6tft~47hv",":version":"rv-risx~xebp~i4vn",":created_at":"2016-06-22T15:52:53.927Z",":updated_at":"2016-06-22T15:52:53.927Z","name":"Schomburg Center for Research in Black Culture","streetname":"Malcolm X Boulevard","housenum":"515","city":"New York","zip":"10037","url":"http://www.nypl.org/locations/schomburg","bin":"1058276","bbl":"1019200029","x":"1000596.95203","y":"236081.087585","system":"NYPL","borocode":"1"}},
{"type":"Feature","geometry":{"type":"Point","coordinates":[-73.98300921762814,40.74811515837409]},"properties":{":id":"row-425c.gt2k.2sbr",":version":"rv-xtju~rcjq.xy8k",":created_at":"2016-06-22T15:52:53.927Z",":updated_at":"2016-06-22T15:52:53.927Z","name":"Science, Industry and Business Library (SIBL)","streetname":"Madison Avenue","housenum":"188","city":"New York","zip":"10016","url":"http://www.nypl.org/locations/sibl","bin":"1087934","bbl":"1008647502","x":"988957.81814","y":"211835.634661","system":"NYPL","borocode":"1"}},
{"type":"Feature","geometry":{"type":"Point","coordinates":[-73.9174950173068,40.849444506294475]},"properties":{":id":"row-4qvf_humb-jc94",":version":"rv-3gz6~rgux.2h8b",":created_at":"2016-06-22T15:52:53.927Z",":updated_at":"2016-06-22T15:52:53.927Z","name":"Sedgwick","streetname":"Martin Luther King Jr. Boulevard","housenum":"1701","city":"Bronx","zip":"10453","url":"http://www.nypl.org/locations/sedgwick","bin":"2100281","bbl":"2028780224","x":"1007075.76389","y":"248763.75","system":"NYPL","borocode":"2"}},
{"type":"Feature","geometry":{"type":"Point","coordinates":[-73.98850101814436,40.71440955033492]},"properties":{":id":"row-djge_drwa~kehn",":version":"rv-ikep~ekvt-ufea",":created_at":"2016-06-22T15:52:53.927Z",":updated_at":"2016-06-22T15:52:53.927Z","name":"Seward Park","streetname":"East Broadway","housenum":"192","city":"New York","zip":"10002","url":"http://www.nypl.org/locations/seward-park","bin":"1004053","bbl":"1003110031","x":"987437.757996","y":"199555.380798","system":"NYPL","borocode":"1"}},
{"type":"Feature","geometry":{"type":"Point","coordinates":[-73.86288995608042,40.818709352248625]},"properties":{":id":"row-jx9e.x5ce.iwj4",":version":"rv-xcxd_5j6z.gf4j",":created_at":"2016-06-22T15:52:53.927Z",":updated_at":"2016-06-22T15:52:53.927Z","name":"Soundview","streetname":"Soundview Avenue","housenum":"660","city":"Bronx","zip":"10473","url":"http://www.nypl.org/locations/soundview","bin":"2021838","bbl":"2035580014","x":"1022200.27514","y":"237584.746993","system":"NYPL","borocode":"2"}},
{"type":"Feature","geometry":{"type":"Point","coordinates":[-74.06298045409709,40.59580257046463]},"properties":{":id":"row-z5zn.mtkx-4tab",":version":"rv-n2k3_g85e_ad6z",":created_at":"2016-06-22T15:52:53.927Z",":updated_at":"2016-06-22T15:52:53.927Z","name":"South Beach","streetname":"Robin Road","housenum":"21-25","city":"Staten Island","zip":"10305","url":"http://www.nypl.org/locations/south-beach","bin":"5129317","bbl":"5031210001","x":"966759.435242","y":"156349.637207","system":"NYPL","borocode":"5"}},
{"type":"Feature","geometry":{"type":"Point","coordinates":[-73.9146501854584,40.88628523559925]},"properties":{":id":"row-9vfk_fvuk.a2j4",":version":"rv-ty4u.2fyp-xa7b",":created_at":"2016-06-22T15:52:53.927Z",":updated_at":"2016-06-22T15:52:53.927Z","name":"Spuyten Duyvil","streetname":"West 235th Street","housenum":"650","city":"Bronx","zip":"10463","url":"http://www.nypl.org/locations/spuyten-duyvil","bin":"2085867","bbl":"2059150070","x":"1007849.73462","y":"262187.017822","system":"NYPL","borocode":"2"}},
{"type":"Feature","geometry":{"type":"Point","coordinates":[-73.97745211592564,40.784834636708375]},"properties":{":id":"row-hndz_yiph~p86e",":version":"rv-huiy~aayi-23tj",":created_at":"2016-06-22T15:52:53.927Z",":updated_at":"2016-06-22T15:52:53.927Z","name":"St. Agnes","streetname":"Amsterdam Avenue","housenum":"444","city":"New York","zip":"10024","url":"http://www.nypl.org/locations/st-agnes","bin":"1032683","bbl":"1012290031","x":"990494.140059","y":"225214.103099","system":"NYPL","borocode":"1"}},
{"type":"Feature","geometry":{"type":"Point","coordinates":[-74.07667836343802,40.64179934831384]},"properties":{":id":"row-zbr3-vepz-gm5u",":version":"rv-veyd_fnug_bmr6",":created_at":"2016-06-22T15:52:53.927Z",":updated_at":"2016-06-22T15:52:53.927Z","name":"St. George Library Center","streetname":"Central Avenue","housenum":"5","city":"Staten Island","zip":"10301","url":"http://www.nypl.org/locations/st-george-library-center","bin":"5000030","bbl":"5000050074","x":"962970.001587","y":"173110.499817","system":"NYPL","borocode":"5"}},
{"type":"Feature","geometry":{"type":"Point","coordinates":[-74.07786385638836,40.626256522293644]},"properties":{":id":"row-fitr_h5j2~z8r9",":version":"rv-sf7g.iht4_ce2s",":created_at":"2016-06-22T15:52:53.927Z",":updated_at":"2016-06-22T15:52:53.927Z","name":"Stapleton","streetname":"Canal Street","housenum":"132","city":"Staten Island","zip":"10304","url":"http://www.nypl.org/locations/stapleton","bin":"5013792","bbl":"5005260063","x":"962635.966797","y":"167448.122986","system":"NYPL","borocode":"5"}},
{"type":"Feature","geometry":{"type":"Point","coordinates":[-73.98223080385785,40.75320442290988]},"properties":{":id":"row-z6f7-we7p.ruwx",":version":"rv-jszd-nefb-9b2j",":created_at":"2016-06-22T15:52:53.927Z",":updated_at":"2016-06-22T15:52:53.927Z","name":"Stephen A. Schwarzman Building","streetname":"Fifth Avenue at 42nd Street","housenum":null,"city":"New York","zip":"10018","url":"http://www.nypl.org/locations/schwarzman","bin":"1034194","bbl":"1012570001","x":"989173.125427","y":"213689.86084","system":"NYPL","borocode":"1"}},
{"type":"Feature","geometry":{"type":"Point","coordinates":[-73.97254082689402,40.75680235018433]},"properties":{":id":"row-wvqs_34y6~f6su",":version":"rv-s45e_ky97-vxt9",":created_at":"2016-06-22T15:52:53.927Z",":updated_at":"2016-06-22T15:52:53.927Z","name":"Terence Cardinal Cooke-Cathedral","streetname":"Lexington Avenue","housenum":"560","city":"New York","zip":"10022","url":"http://www.nypl.org/locations/cathedral","bin":"1036451","bbl":"1013050013","x":"991857.414795","y":"215001.395386","system":"NYPL","borocode":"1"}},
{"type":"Feature","geometry":{"type":"Point","coordinates":[-73.8190949368255,40.82287218481685]},"properties":{":id":"row-qfqz-fmcg~ppfw",":version":"rv-hwb2_p9kn~az4v",":created_at":"2016-06-22T15:52:53.927Z",":updated_at":"2016-06-22T15:52:53.927Z","name":"Throg's Neck","streetname":"Cross Bronx Expressway Extension","housenum":"3025","city":"Bronx","zip":"10465","url":"http://www.nypl.org/locations/throgs-neck","bin":"2077131","bbl":"2054390001","x":"1034319.0188","y":"239123.41803","system":"NYPL","borocode":"2"}},
{"type":"Feature","geometry":{"type":"Point","coordinates":[-74.14852127833858,40.60960200172146]},"properties":{":id":"row-y2x5-9jp2.5swj",":version":"rv-4rbj~qmy3~9br9",":created_at":"2016-06-22T15:52:53.927Z",":updated_at":"2016-06-22T15:52:53.927Z","name":"Todt Hill-Westerleigh","streetname":"Victory Boulevard","housenum":"2550","city":"Staten Island","zip":"10314","url":"http://www.nypl.org/locations/todt-hill-westerleigh","bin":"5035398","bbl":"5020990005","x":"943012.076233","y":"161405.796814","system":"NYPL","borocode":"5"}},
{"type":"Feature","geometry":{"type":"Point","coordinates":[-73.98042071146763,40.72728802667872]},"properties":{":id":"row-rqhn-2hnr-t47e",":version":"rv-dtk3~nufb~epas",":created_at":"2016-06-22T15:52:53.927Z",":updated_at":"2016-06-22T15:52:53.927Z","name":"Tompkins Square","streetname":"East 10th Street","housenum":"331","city":"New York","zip":"10009","url":"http://www.nypl.org/locations/tompkins-square","bin":"1005147","bbl":"1004040039","x":"989676.739014","y":"204247.802795","system":"NYPL","borocode":"1"}},
{"type":"Feature","geometry":{"type":"Point","coordinates":[-74.24410670826178,40.509531123859375]},"properties":{":id":"row-hu3d~jhar.f346",":version":"rv-9aca_k8hy~uvnh",":created_at":"2016-06-22T15:52:53.927Z",":updated_at":"2016-06-22T15:52:53.927Z","name":"Tottenville","streetname":"Amboy Road","housenum":"7430","city":"Staten Island","zip":"10307","url":"http://www.nypl.org/locations/tottenville","bin":"5088113","bbl":"5078990009","x":"916370.601298","y":"125007.163094","system":"NYPL","borocode":"5"}},
{"type":"Feature","geometry":{"type":"Point","coordinates":[-73.89834943816875,40.84604568736388]},"properties":{":id":"row-9vzn.v8fn-p9zc",":version":"rv-z8ub-vxhi~tt2g",":created_at":"2016-06-22T15:52:53.927Z",":updated_at":"2016-06-22T15:52:53.927Z","name":"Tremont","streetname":"Washington Avenue","housenum":"1866","city":"Bronx","zip":"10457","url":"http://www.nypl.org/locations/tremont","bin":"2009573","bbl":"2029180001","x":"1012374","y":"247531","system":"NYPL","borocode":"2"}},
{"type":"Feature","geometry":{"type":"Point","coordinates":[-73.8939211860628,40.88277969546436]},"properties":{":id":"row-wxbv~se4j_vu4t",":version":"rv-44n9_7arc.zwbh",":created_at":"2016-06-22T15:52:53.927Z",":updated_at":"2016-06-22T15:52:53.927Z","name":"Van Cortlandt","streetname":"Sedgwick Avenue","housenum":"3874","city":"Bronx","zip":"10463","url":"http://www.nypl.org/locations/van-cortlandt","bin":"2015233","bbl":"2032460074","x":"1013582.97119","y":"260916.072205","system":"NYPL","borocode":"2"}},
{"type":"Feature","geometry":{"type":"Point","coordinates":[-73.85958124409599,40.891085065406706]},"properties":{":id":"row-ve7u-5an4-aru4",":version":"rv-t4ka.mjzd~kuvx",":created_at":"2016-06-22T15:52:53.927Z",":updated_at":"2016-06-22T15:52:53.927Z","name":"Wakefield","streetname":"Lowerre Place","housenum":"4100","city":"Bronx","zip":"10466","url":"http://www.nypl.org/locations/wakefield","bin":"2063175","bbl":"2048320020","x":"1023073.81276","y":"263955.410459","system":"NYPL","borocode":"2"}},
{"type":"Feature","geometry":{"type":"Point","coordinates":[-73.93971034945567,40.834548887305765]},"properties":{":id":"row-kdm5~brmg_bm9d",":version":"rv-cvny_8v2y_b29i",":created_at":"2016-06-22T15:52:53.927Z",":updated_at":"2016-06-22T15:52:53.927Z","name":"Washington Heights","streetname":"St. Nicholas Avenue","housenum":"1000","city":"New York","zip":"10032","url":"http://www.nypl.org/locations/washington-heights","bin":"1062551","bbl":"1021090055","x":"1000933.42401","y":"243331.709412","system":"NYPL","borocode":"1"}},
{"type":"Feature","geometry":{"type":"Point","coordinates":[-73.95134169404905,40.770652543462646]},"properties":{":id":"row-f4mb~hf88~ceas",":version":"rv-4tjg_qarq_k49f",":created_at":"2016-06-22T15:52:53.927Z",":updated_at":"2016-06-22T15:52:53.927Z","name":"Webster","streetname":"York Avenue","housenum":"1465","city":"New York","zip":"10021","url":"http://www.nypl.org/locations/webster","bin":"1045991","bbl":"1014720028","x":"997727.716143","y":"220050.028126","system":"NYPL","borocode":"1"}},
{"type":"Feature","geometry":{"type":"Point","coordinates":[-73.88301210482436,40.844644453005635]},"properties":{":id":"row-xic3~mnvc~zgyi",":version":"rv-p55f~4n3v.dnfx",":created_at":"2016-06-22T15:52:53.927Z",":updated_at":"2016-06-22T15:52:53.927Z","name":"West Farms","streetname":"Honeywell Avenue","housenum":"2085","city":"Bronx","zip":"10460","url":"http://www.nypl.org/locations/west-farms","bin":"2013151","bbl":"2031230061","x":"1016618.11041","y":"247025.773621","system":"NYPL","borocode":"2"}},
{"type":"Feature","geometry":{"type":"Point","coordinates":[-74.11482187344863,40.63450894226954]},"properties":{":id":"row-2r75.5hbq~bmqe",":version":"rv-i6rx_nnnx.eayp",":created_at":"2016-06-22T15:52:53.927Z",":updated_at":"2016-06-22T15:52:53.927Z","name":"West New Brighton","streetname":"Castleton Avenue","housenum":"976","city":"Staten Island","zip":"10310","url":"http://www.nypl.org/locations/west-new-brighton","bin":"5004936","bbl":"5001780115","x":"952380.829147","y":"170465.980968","system":"NYPL","borocode":"5"}},
{"type":"Feature","geometry":{"type":"Point","coordinates":[-73.84673061822738,40.84086754432402]},"properties":{":id":"row-pftf~5gre.39m5",":version":"rv-buwi-2nfp~jq2i",":created_at":"2016-06-22T15:52:53.927Z",":updated_at":"2016-06-22T15:52:53.927Z","name":"Westchester Square","streetname":"Glebe Avenue","housenum":"2521","city":"Bronx","zip":"10461","url":"http://www.nypl.org/locations/westchester-square","bin":"2041911","bbl":"2039860034","x":"1026658.83978","y":"245665.191406","system":"NYPL","borocode":"2"}},
{"type":"Feature","geometry":{"type":"Point","coordinates":[-73.86794200000536,40.90043990975718]},"properties":{":id":"row-ezm2_dcmv-fay8",":version":"rv-56gq~ejg4~q6zv",":created_at":"2016-06-22T15:52:53.927Z",":updated_at":"2016-06-22T15:52:53.927Z","name":"Woodlawn Heights","streetname":"Katonah Avenue","housenum":"4355","city":"Bronx","zip":"10470","url":"http://www.nypl.org/locations/woodlawn-heights","bin":"2019288","bbl":"2033800054","x":"1020757.04476","y":"267360.164804","system":"NYPL","borocode":"2"}},
{"type":"Feature","geometry":{"type":"Point","coordinates":[-73.90464799347694,40.82061890603643]},"properties":{":id":"row-6vrp.b9en~2his",":version":"rv-zxka_3cqh-br7z",":created_at":"2016-06-22T15:52:53.927Z",":updated_at":"2016-06-22T15:52:53.927Z","name":"Woodstock","streetname":"East 160th Street","housenum":"761","city":"Bronx","zip":"10456","url":"http://www.nypl.org/locations/woodstock","bin":"2004700","bbl":"2026570030","x":"1010641.4422","y":"238265.129822","system":"NYPL","borocode":"2"}},
{"type":"Feature","geometry":{"type":"Point","coordinates":[-73.95637252319334,40.77365564161395]},"properties":{":id":"row-d4cg-96tg~d58q",":version":"rv-nyk7~t3nv~ep5i",":created_at":"2016-06-22T15:52:53.927Z",":updated_at":"2016-06-22T15:52:53.927Z","name":"Yorkville","streetname":"East 79th Street","housenum":"222","city":"New York","zip":"10021","url":"http://www.nypl.org/locations/yorkville","bin":"1044180","bbl":"1014330037","x":"996333.697388","y":"221143.422791","system":"NYPL","borocode":"1"}},
{"type":"Feature","geometry":{"type":"Point","coordinates":[-73.88723723774561,40.68068925695902]},"properties":{":id":"row-ids8_6ch9_zb3d",":version":"rv-wvjy-dwwd-vis2",":created_at":"2016-06-22T15:52:53.927Z",":updated_at":"2016-06-22T15:52:53.927Z","name":"Arlington","streetname":"Arlington Avenue","housenum":"203","city":"Brooklyn","zip":"11207","url":"http://www.bklynlibrary.org/locations/arlington","bin":"3087001","bbl":"3039230052","x":"1015526","y":"187290","system":"BPL","borocode":"3"}},
{"type":"Feature","geometry":{"type":"Point","coordinates":[-74.02953835191357,40.633625713382486]},"properties":{":id":"row-ahs2_vtc5.ucq5",":version":"rv-gyck-gzy5.enc5",":created_at":"2016-06-22T15:52:53.927Z",":updated_at":"2016-06-22T15:52:53.927Z","name":"Bay Ridge","streetname":"Ridge Boulevard","housenum":"7223","city":"Brooklyn","zip":"11209","url":"http://www.bklynlibrary.org/locations/bay-ridge","bin":"3147279","bbl":"3059070001","x":"976051.427146","y":"170124.692281","system":"BPL","borocode":"3"}},
{"type":"Feature","geometry":{"type":"Point","coordinates":[-73.95616471363496,40.68181211172472]},"properties":{":id":"row-7mjp-tp3y-86ti",":version":"rv-akna.2msh_dicb",":created_at":"2016-06-22T15:52:53.927Z",":updated_at":"2016-06-22T15:52:53.927Z","name":"Bedford","streetname":"Franklin Avenue","housenum":"496","city":"Brooklyn","zip":"11238","url":"http://www.bklynlibrary.org/locations/bedford","bin":"3057384","bbl":"3019970032","x":"996408","y":"187682","system":"BPL","borocode":"3"}},
{"type":"Feature","geometry":{"type":"Point","coordinates":[-73.98900318822345,40.638888838712376]},"properties":{":id":"row-nwbi~qj6d.qwfn",":version":"rv-x8qi~vjnh~t8pi",":created_at":"2016-06-22T15:52:53.927Z",":updated_at":"2016-06-22T15:52:53.927Z","name":"Borough Park","streetname":"43rd Street","housenum":"1265","city":"Brooklyn","zip":"11219","url":"http://www.bklynlibrary.org/locations/borough-park","bin":"3135907","bbl":"3055980048","x":"987302","y":"172041","system":"BPL","borocode":"3"}},
{"type":"Feature","geometry":{"type":"Point","coordinates":[-73.9667748761715,40.57610774698186]},"properties":{":id":"row-c3m7_yuhu_9wib",":version":"rv-cy7z~9pd9-dhpa",":created_at":"2016-06-22T15:52:53.927Z",":updated_at":"2016-06-22T15:52:53.927Z","name":"Brighton Beach <br> (Closed for Renovation)","streetname":"Brighton First Road","housenum":"16","city":"Brooklyn","zip":"11235","url":"http://www.bklynlibrary.org/locations/brighton-beach","bin":"3245028","bbl":"3086800032","x":"993479.809941","y":"149169.780779","system":"BPL","borocode":"3"}},
{"type":"Feature","geometry":{"type":"Point","coordinates":[-73.99134798814833,40.69568255523745]},"properties":{":id":"row-6tf7-dwpy_ujxe",":version":"rv-fkrq-i79z.473x",":created_at":"2016-06-22T15:52:53.927Z",":updated_at":"2016-06-22T15:52:53.927Z","name":"Brooklyn Heights","streetname":"Cadman Plaza West","housenum":"280","city":"Brooklyn","zip":"11201","url":"http://www.bklynlibrary.org/locations/brooklyn-heights","bin":"3001939","bbl":"3002390016","x":"986649.192368","y":"192732.484336","system":"BPL","borocode":"3"}},
{"type":"Feature","geometry":{"type":"Point","coordinates":[-73.94856613670774,40.675370851852314]},"properties":{":id":"row-yn5c-38e3-ifhu",":version":"rv-jtmw_nigp~62i9",":created_at":"2016-06-22T15:52:53.927Z",":updated_at":"2016-06-22T15:52:53.927Z","name":"Brower Park","streetname":"St. Marks Avenue","housenum":"725","city":"Brooklyn","zip":"11216","url":"http://www.bklynlibrary.org/locations/brower-park","bin":"3030731","bbl":"3012200063","x":"998516.892058","y":"185336.410217","system":"BPL","borocode":"3"}},
{"type":"Feature","geometry":{"type":"Point","coordinates":[-73.90860343294449,40.671526655858436]},"properties":{":id":"row-bqq8.fc7f_ufts",":version":"rv-vn2v-7u5d~tr2v",":created_at":"2016-06-22T15:52:53.927Z",":updated_at":"2016-06-22T15:52:53.927Z","name":"Brownsville","streetname":"Glenmore Avenue","housenum":"61","city":"Brooklyn","zip":"11212","url":"http://www.bklynlibrary.org/locations/brownsville","bin":"3080669","bbl":"3034890150","x":"1009603.33478","y":"183944.897908","system":"BPL","borocode":"3"}},
{"type":"Feature","geometry":{"type":"Point","coordinates":[-73.93961842135727,40.704559063938675]},"properties":{":id":"row-gfxb.qgpe.9qm6",":version":"rv-g4gp-ajh5~mvaf",":created_at":"2016-06-22T15:52:53.927Z",":updated_at":"2016-06-22T15:52:53.927Z","name":"Bushwick","streetname":"Bushwick Avenue","housenum":"340","city":"Brooklyn","zip":"11206","url":"http://www.bklynlibrary.org/locations/bushwick","bin":"3071470","bbl":"3030980019","x":"1000991.50784","y":"195972.112043","system":"BPL","borocode":"3"}},
{"type":"Feature","geometry":{"type":"Point","coordinates":[-73.89952442124468,40.64220845315574]},"properties":{":id":"row-ny9w_xj5b~ny77",":version":"rv-kx5s~78qa.yufi",":created_at":"2016-06-22T15:52:53.927Z",":updated_at":"2016-06-22T15:52:53.927Z","name":"Canarsie","streetname":"Rockaway Parkway","housenum":"1580","city":"Brooklyn","zip":"11236","url":"http://www.bklynlibrary.org/locations/canarsie","bin":"3230120","bbl":"3082040068","x":"1012134.09612","y":"173266.226024","system":"BPL","borocode":"3"}},
{"type":"Feature","geometry":{"type":"Point","coordinates":[-73.99801906031493,40.683213515337584]},"properties":{":id":"row-4za8-ewkj_snkd",":version":"rv-jqe6~g2nm_hq3i",":created_at":"2016-06-22T15:52:53.927Z",":updated_at":"2016-06-22T15:52:53.927Z","name":"Carroll Gardens","streetname":"Clinton Street","housenum":"396","city":"Brooklyn","zip":"11231","url":"http://www.bklynlibrary.org/locations/carroll-gardens","bin":"3004336","bbl":"3003380033","x":"984799.4149","y":"188189.536072","system":"BPL","borocode":"3"}},
{"type":"Feature","geometry":{"type":"Point","coordinates":[-73.9682243828713,40.672343526336505]},"properties":{":id":"row-c294~mrpy~qbwi",":version":"rv-9s84~6phw.pfnf",":created_at":"2016-06-22T15:52:53.927Z",":updated_at":"2016-06-22T15:52:53.927Z","name":"Brooklyn Central Library","streetname":"Grand Army Plaza","housenum":"10","city":"Brooklyn","zip":"11238","url":"http://www.bklynlibrary.org/locations/central","bin":"3029665","bbl":"3011830002","x":"993064.424288","y":"184230.879292","system":"BPL","borocode":"3"}},
{"type":"Feature","geometry":{"type":"Point","coordinates":[-73.94763429707129,40.63574014928098]},"properties":{":id":"row-iriy.gsbr~mbvn",":version":"rv-4t7k~csyd.ppye",":created_at":"2016-06-22T15:52:53.927Z",":updated_at":"2016-06-22T15:52:53.927Z","name":"Clarendon","streetname":"Nostrand Avenue","housenum":"2035","city":"Brooklyn","zip":"11210","url":"http://www.bklynlibrary.org/locations/clarendon","bin":"3327822","bbl":"3050050033","x":"998784","y":"170898","system":"BPL","borocode":"3"}},
{"type":"Feature","geometry":{"type":"Point","coordinates":[-73.96603066603613,40.68737909411427]},"properties":{":id":"row-ewvt~g47u-ehvn",":version":"rv-8kk9.7fyt~e4nb",":created_at":"2016-06-22T15:52:53.927Z",":updated_at":"2016-06-22T15:52:53.927Z","name":"Clinton Hill","streetname":"Washington Avenue","housenum":"380","city":"Brooklyn","zip":"11238","url":"http://www.bklynlibrary.org/locations/clinton-hill","bin":"3055495","bbl":"3019450036","x":"993670.827931","y":"189708.997928","system":"BPL","borocode":"3"}},
{"type":"Feature","geometry":{"type":"Point","coordinates":[-73.9860619926265,40.57663777607667]},"properties":{":id":"row-7aj4~rrbw_akjd",":version":"rv-vkfm-8g4k-fvhd",":created_at":"2016-06-22T15:52:53.927Z",":updated_at":"2016-06-22T15:52:53.927Z","name":"Coney Island","streetname":"Mermaid Avenue","housenum":"1901","city":"Brooklyn","zip":"11224","url":"http://www.bklynlibrary.org/locations/coney-island","bin":"3189001","bbl":"3070190043","x":"988121.893491","y":"149361.441157","system":"BPL","borocode":"3"}},
{"type":"Feature","geometry":{"type":"Point","coordinates":[-73.96596507806375,40.640803547205046]},"properties":{":id":"row-wfcc_ibvy.5n54",":version":"rv-a7x4-fp22_yis4",":created_at":"2016-06-22T15:52:53.927Z",":updated_at":"2016-06-22T15:52:53.927Z","name":"Cortelyou","streetname":"Cortelyou Road","housenum":"1305","city":"Brooklyn","zip":"11226","url":"http://www.bklynlibrary.org/locations/cortelyou","bin":"3118362","bbl":"3051440080","x":"993695.61069","y":"172740.223795","system":"BPL","borocode":"3"}},
{"type":"Feature","geometry":{"type":"Point","coordinates":[-73.9481022990789,40.661189307734446]},"properties":{":id":"row-xemu-ypve_v3s2",":version":"rv-hhq2-m9ie-yvgt",":created_at":"2016-06-22T15:52:53.927Z",":updated_at":"2016-06-22T15:52:53.927Z","name":"Crown Heights","streetname":"New York Avenue","housenum":"560","city":"Brooklyn","zip":"11225","url":"http://www.bklynlibrary.org/locations/crown-heights","bin":"3106505","bbl":"3047910046","x":"998648.613907","y":"180169.748962","system":"BPL","borocode":"3"}},
{"type":"Feature","geometry":{"type":"Point","coordinates":[-73.8740348780572,40.67270747286009]},"properties":{":id":"row-3ivf_r4u9.c2xu",":version":"rv-ia7x-t5ue~um6w",":created_at":"2016-06-22T15:52:53.927Z",":updated_at":"2016-06-22T15:52:53.927Z","name":"Cypress Hills","streetname":"Sutter Avenue","housenum":"1197","city":"Brooklyn","zip":"11208","url":"http://www.bklynlibrary.org/locations/cypress-hills","bin":"3252993","bbl":"3042470033","x":"1019192","y":"184387","system":"BPL","borocode":"3"}},
{"type":"Feature","geometry":{"type":"Point","coordinates":[-73.92839866742115,40.694816700021924]},"properties":{":id":"row-attb-443j_uyhk",":version":"rv-3crd~anug_x55i",":created_at":"2016-06-22T15:52:53.927Z",":updated_at":"2016-06-22T15:52:53.927Z","name":"DeKalb","streetname":"Bushwick Avenue","housenum":"790","city":"Brooklyn","zip":"11221","url":"http://www.bklynlibrary.org/locations/dekalb","bin":"3073751","bbl":"3032410018","x":"1004105.21815","y":"192425.023992","system":"BPL","borocode":"3"}},
{"type":"Feature","geometry":{"type":"Point","coordinates":[-74.0119885202191,40.616308136970446]},"properties":{":id":"row-76xi.waau~je8v",":version":"rv-7ama~itr5_nxtj",":created_at":"2016-06-22T15:52:53.927Z",":updated_at":"2016-06-22T15:52:53.927Z","name":"Dyker","streetname":"13th Avenue","housenum":"8202","city":"Brooklyn","zip":"11228","url":"http://www.bklynlibrary.org/locations/dyker","bin":"3164019","bbl":"3063020036","x":"980921.640175","y":"163814.284954","system":"BPL","borocode":"3"}},
{"type":"Feature","geometry":{"type":"Point","coordinates":[-73.91494061956683,40.655710884739364]},"properties":{":id":"row-hqdm-4uc2.py8j",":version":"rv-nm65~fj8e.c8y8",":created_at":"2016-06-22T15:52:53.927Z",":updated_at":"2016-06-22T15:52:53.927Z","name":"East Flatbush","streetname":"Church Avenue","housenum":"9612","city":"Brooklyn","zip":"11212","url":"http://www.bklynlibrary.org/locations/east-flatbush","bin":"3103597","bbl":"3047170038","x":"1007851","y":"178181","system":"BPL","borocode":"3"}},
{"type":"Feature","geometry":{"type":"Point","coordinates":[-73.93365084956477,40.66848651013449]},"properties":{":id":"row-9r5z-jfkw~5iuz",":version":"rv-jrft-tim9~snvg",":created_at":"2016-06-22T15:52:53.927Z",":updated_at":"2016-06-22T15:52:53.927Z","name":"Eastern Parkway","streetname":"Eastern Parkway","housenum":"1044","city":"Brooklyn","zip":"11213","url":"http://www.bklynlibrary.org/locations/eastern-parkway","bin":"3037543","bbl":"3013960006","x":"1002656.04192","y":"182831.030713","system":"BPL","borocode":"3"}},
{"type":"Feature","geometry":{"type":"Point","coordinates":[-73.95824218248399,40.651925081044595]},"properties":{":id":"row-rzxi_wfps_mkk8",":version":"rv-4c36.k7ty_aajr",":created_at":"2016-06-22T15:52:53.927Z",":updated_at":"2016-06-22T15:52:53.927Z","name":"Flatbush","streetname":"Linden Boulevard","housenum":"22","city":"Brooklyn","zip":"11226","url":"http://www.bklynlibrary.org/locations/flatbush","bin":"3116706","bbl":"3050860015","x":"995836.99125","y":"176793.029994","system":"BPL","borocode":"3"}},
{"type":"Feature","geometry":{"type":"Point","coordinates":[-73.93321325624171,40.61976819625962]},"properties":{":id":"row-ggnf~tqwb-4gwn",":version":"rv-dp2g~ywcp~trfm",":created_at":"2016-06-22T15:52:53.927Z",":updated_at":"2016-06-22T15:52:53.927Z","name":"Flatlands","streetname":"Flatbush Avenue","housenum":"2065","city":"Brooklyn","zip":"11234","url":"http://www.bklynlibrary.org/locations/flatlands","bin":"3219626","bbl":"3078680039","x":"1002790.96816","y":"165081.715818","system":"BPL","borocode":"3"}},
{"type":"Feature","geometry":{"type":"Point","coordinates":[-74.0313694054087,40.61637311059178]},"properties":{":id":"row-fex9~eusq-25ie",":version":"rv-rka4_fnwj-f9kd",":created_at":"2016-06-22T15:52:53.927Z",":updated_at":"2016-06-22T15:52:53.927Z","name":"Fort Hamilton","streetname":"Fourth Avenue","housenum":"9424","city":"Brooklyn","zip":"11209","url":"http://www.bklynlibrary.org/locations/fort-hamilton","bin":"3155499","bbl":"3061140037","x":"975540.954742","y":"163839.288185","system":"BPL","borocode":"3"}},
{"type":"Feature","geometry":{"type":"Point","coordinates":[-73.9239376273276,40.59137103427607]},"properties":{":id":"row-ezit~2f9g.upej",":version":"rv-4s2r_3evd_utt2",":created_at":"2016-06-22T15:52:53.927Z",":updated_at":"2016-06-22T15:52:53.927Z","name":"Gerritsen Beach","streetname":"Gerritsen Avenue","housenum":"2808","city":"Brooklyn","zip":"11229","url":"http://www.bklynlibrary.org/locations/gerritsen-beach","bin":"3343823","bbl":"3089230920","x":"1005375","y":"154738","system":"BPL","borocode":"3"}},
{"type":"Feature","geometry":{"type":"Point","coordinates":[-73.9718084463328,40.590544390004084]},"properties":{":id":"row-7rnq_zmhx~q267",":version":"rv-3k2q~tf3q~sin6",":created_at":"2016-06-22T15:52:53.927Z",":updated_at":"2016-06-22T15:52:53.927Z","name":"Gravesend","streetname":"Avenue X","housenum":"303","city":"Brooklyn","zip":"11223","url":"http://www.bklynlibrary.org/locations/gravesend","bin":"3194486","bbl":"3071740096","x":"992079.8111","y":"154428.920851","system":"BPL","borocode":"3"}},
{"type":"Feature","geometry":{"type":"Point","coordinates":[-73.95069497514092,40.72602806688718]},"properties":{":id":"row-iqqp_ffpw-9fwk",":version":"rv-t6ny-gy7b~fgrd",":created_at":"2016-06-22T15:52:53.927Z",":updated_at":"2016-06-22T15:52:53.927Z","name":"Greenpoint","streetname":"Norman Avenue","housenum":"107","city":"Brooklyn","zip":"11222","url":"http://www.bklynlibrary.org/locations/greenpoint","bin":"3065691","bbl":"3026210032","x":"997916","y":"203792","system":"BPL","borocode":"3"}},
{"type":"Feature","geometry":{"type":"Point","coordinates":[-73.98624641554409,40.605693037370436]},"properties":{":id":"row-x3pn~wr4w-8i94",":version":"rv-ksm4.xin7.bzkn",":created_at":"2016-06-22T15:52:53.927Z",":updated_at":"2016-06-22T15:52:53.927Z","name":"Highlawn","streetname":"West 13th Street","housenum":"1664","city":"Brooklyn","zip":"11223","url":"http://www.bklynlibrary.org/locations/highlawn","bin":"3175253","bbl":"3066180034","x":"988069","y":"159947","system":"BPL","borocode":"3"}},
{"type":"Feature","geometry":{"type":"Point","coordinates":[-73.96059936964683,40.5952368631223]},"properties":{":id":"row-au8g_sgj4~z5ya",":version":"rv-3ahc~36rv.b2qr",":created_at":"2016-06-22T15:52:53.927Z",":updated_at":"2016-06-22T15:52:53.927Z","name":"Homecrest","streetname":"Coney Island Avenue","housenum":"2525","city":"Brooklyn","zip":"11223","url":"http://www.bklynlibrary.org/locations/homecrest","bin":"3200560","bbl":"3073710080","x":"995192.206778","y":"156139.708768","system":"BPL","borocode":"3"}},
{"type":"Feature","geometry":{"type":"Point","coordinates":[-73.88924363004107,40.63446013901777]},"properties":{":id":"row-2qbv_7q2e_5i2y",":version":"rv-46id~7gpq-5vvh",":created_at":"2016-06-22T15:52:53.927Z",":updated_at":"2016-06-22T15:52:53.927Z","name":"Jamaica Bay","streetname":"Seaview Avenue","housenum":"9727","city":"Brooklyn","zip":"11236","url":"http://www.bklynlibrary.org/locations/jamaica-bay","bin":"3234514","bbl":"3083000001","x":"1014990.8006","y":"170446.747803","system":"BPL","borocode":"3"}},
{"type":"Feature","geometry":{"type":"Point","coordinates":[-73.97543590517284,40.63129183260273]},"properties":{":id":"row-4wnq~nx4x_puvs",":version":"rv-npjh.3vwc.337r",":created_at":"2016-06-22T15:52:53.927Z",":updated_at":"2016-06-22T15:52:53.927Z","name":"Kensington","streetname":"18th Avenue","housenum":"4207","city":"Brooklyn","zip":"11218","url":"http://www.bklynlibrary.org/locations/kensington","bin":"3416544","bbl":"3054160014","x":"991068.171997","y":"169273.970642","system":"BPL","borocode":"3"}},
{"type":"Feature","geometry":{"type":"Point","coordinates":[-73.94112492296973,40.594861515121615]},"properties":{":id":"row-xisr~uebv~phks",":version":"rv-ptyi_weh6-79gj",":created_at":"2016-06-22T15:52:53.927Z",":updated_at":"2016-06-22T15:52:53.927Z","name":"Kings Bay","streetname":"Nostrand Avenue","housenum":"3650","city":"Brooklyn","zip":"11229","url":"http://www.bklynlibrary.org/locations/kings-bay","bin":"3202630","bbl":"3074050920","x":"1000600.67398","y":"156005.993812","system":"BPL","borocode":"3"}},
{"type":"Feature","geometry":{"type":"Point","coordinates":[-73.95310584865699,40.610256667276076]},"properties":{":id":"row-vp77-pgxd.mtpy",":version":"rv-uk5x_dfu5_4w3i",":created_at":"2016-06-22T15:52:53.927Z",":updated_at":"2016-06-22T15:52:53.927Z","name":"Kings Highway","streetname":"Ocean Avenue","housenum":"2115","city":"Brooklyn","zip":"11229","url":"http://www.bklynlibrary.org/locations/kings-highway","bin":"3182576","bbl":"3067830068","x":"997270.3519","y":"161612.833977","system":"BPL","borocode":"3"}},
{"type":"Feature","geometry":{"type":"Point","coordinates":[-73.94793571283621,40.71364488802169]},"properties":{":id":"row-mun5.vca7~8a62",":version":"rv-r3fw~9x58-xb2u",":created_at":"2016-06-22T15:52:53.927Z",":updated_at":"2016-06-22T15:52:53.927Z","name":"Leonard","streetname":"Devoe Street","housenum":"81","city":"Brooklyn","zip":"11211","url":"http://www.bklynlibrary.org/locations/leonard","bin":"3068818","bbl":"3027620021","x":"998683.47309","y":"199280.871173","system":"BPL","borocode":"3"}},
{"type":"Feature","geometry":{"type":"Point","coordinates":[-73.93480547027619,40.68300490204431]},"properties":{":id":"row-8z4j_csrs.thmt",":version":"rv-jxjp~5uyh_wmye",":created_at":"2016-06-22T15:52:53.927Z",":updated_at":"2016-06-22T15:52:53.927Z","name":"Macon","streetname":"Lewis Avenue","housenum":"361","city":"Brooklyn","zip":"11233","url":"http://www.bklynlibrary.org/locations/macon","bin":"3046408","bbl":"3016650001","x":"1002331.79978","y":"188120.254715","system":"BPL","borocode":"3"}},
{"type":"Feature","geometry":{"type":"Point","coordinates":[-73.989440154021,40.62309139633207]},"properties":{":id":"row-enfs-n62g~6m76",":version":"rv-wrxr_p2n9-gbt3",":created_at":"2016-06-22T15:52:53.927Z",":updated_at":"2016-06-22T15:52:53.927Z","name":"Mapleton","streetname":"60th Street","housenum":"1702","city":"Brooklyn","zip":"11204","url":"http://www.bklynlibrary.org/locations/mapleton","bin":"3132091","bbl":"3055180004","x":"987181.420593","y":"166285.554016","system":"BPL","borocode":"3"}},
{"type":"Feature","geometry":{"type":"Point","coordinates":[-73.95128349802154,40.69162308733465]},"properties":{":id":"row-huh9-85dn~qph5",":version":"rv-7w2s_dcj7_gjfp",":created_at":"2016-06-22T15:52:53.927Z",":updated_at":"2016-06-22T15:52:53.927Z","name":"Marcy","streetname":"DeKalb Avenue","housenum":"617","city":"Brooklyn","zip":"11216","url":"http://www.bklynlibrary.org/locations/marcy","bin":"3049472","bbl":"3017740081","x":"997759.848625","y":"191257.138861","system":"BPL","borocode":"3"}},
{"type":"Feature","geometry":{"type":"Point","coordinates":[-74.01183730763366,40.62918753393924]},"properties":{":id":"row-qubj.9r8f.fyyj",":version":"rv-v5kh~qtpq~br8m",":created_at":"2016-06-22T15:52:53.927Z",":updated_at":"2016-06-22T15:52:53.927Z","name":"McKinley Park","streetname":"Fort Hamilton Parkway","housenum":"6802","city":"Brooklyn","zip":"11219","url":"http://www.bklynlibrary.org/locations/mckinley-park","bin":"3143032","bbl":"3057710012","x":"980964.255141","y":"168506.584215","system":"BPL","borocode":"3"}},
{"type":"Feature","geometry":{"type":"Point","coordinates":[-73.96031449280875,40.62589330718781]},"properties":{":id":"row-6uhs.vee9~mugk",":version":"rv-uh6e.3qs8~rhbp",":created_at":"2016-06-22T15:52:53.927Z",":updated_at":"2016-06-22T15:52:53.927Z","name":"Midwood","streetname":"East 16th Street","housenum":"975","city":"Brooklyn","zip":"11230","url":"http://www.bklynlibrary.org/locations/midwood","bin":"3179706","bbl":"3067090054","x":"995266.261748","y":"167308.683149","system":"BPL","borocode":"3"}},
{"type":"Feature","geometry":{"type":"Point","coordinates":[-73.91702120710569,40.61986842104019]},"properties":{":id":"row-gc9m~qmxf.4c9d",":version":"rv-qwyd.ykiz_3k2v",":created_at":"2016-06-22T15:52:53.927Z",":updated_at":"2016-06-22T15:52:53.927Z","name":"Mill Basin","streetname":"Ralph Avenue","housenum":"2385","city":"Brooklyn","zip":"11234","url":"http://www.bklynlibrary.org/locations/mill-basin","bin":"3235910","bbl":"3083630009","x":"1007286.0799","y":"165122.073021","system":"BPL","borocode":"3"}},
{"type":"Feature","geometry":{"type":"Point","coordinates":[-73.88607053682676,40.665159369730134]},"properties":{":id":"row-ebn6_xcgs_6vdn",":version":"rv-uc7h~e44i.89g6",":created_at":"2016-06-22T15:52:53.927Z",":updated_at":"2016-06-22T15:52:53.927Z","name":"New Lots","streetname":"New Lots Avenue","housenum":"665","city":"Brooklyn","zip":"11207","url":"http://www.bklynlibrary.org/locations/new-lots","bin":"3090726","bbl":"3040900001","x":"1015856.95613","y":"181632.442887","system":"BPL","borocode":"3"}},
{"type":"Feature","geometry":{"type":"Point","coordinates":[-74.00337654508532,40.608009349952326]},"properties":{":id":"row-xrae_u3aq_yu49",":version":"rv-47zp_83yk-ygma",":created_at":"2016-06-22T15:52:53.927Z",":updated_at":"2016-06-22T15:52:53.927Z","name":"New Utrecht <br> (Temporary Closed, will reopen later this Summer (2016).","streetname":"86th Street","housenum":"1743","city":"Brooklyn","zip":"11214","url":"http://www.bklynlibrary.org/locations/new-utrecht","bin":"3165745","bbl":"3063430064","x":"983312.456916","y":"160790.610883","system":"BPL","borocode":"3"}},
{"type":"Feature","geometry":{"type":"Point","coordinates":[-73.97858353651877,40.68346662977525]},"properties":{":id":"row-yuss_zvep.qt3n",":version":"rv-s7tf_vzaz_9rjt",":created_at":"2016-06-22T15:52:53.927Z",":updated_at":"2016-06-22T15:52:53.927Z","name":"Pacific","streetname":"Fourth Avenue","housenum":"25","city":"Brooklyn","zip":"11217","url":"http://www.bklynlibrary.org/locations/pacific","bin":"3018376","bbl":"3009280006","x":"990189.847229","y":"188282.473022","system":"BPL","borocode":"3"}},
{"type":"Feature","geometry":{"type":"Point","coordinates":[-73.91998488083019,40.63263699303789]},"properties":{":id":"row-si97_kcre~t7us",":version":"rv-acnt~6svj~zqnq",":created_at":"2016-06-22T15:52:53.927Z",":updated_at":"2016-06-22T15:52:53.927Z","name":"Paerdegat","streetname":"East 59th Street","housenum":"850","city":"Brooklyn","zip":"11234","url":"http://www.bklynlibrary.org/locations/paerdegat","bin":"3214944","bbl":"3077620053","x":"1006459.07335","y":"169773.235963","system":"BPL","borocode":"3"}},
{"type":"Feature","geometry":{"type":"Point","coordinates":[-73.98345536969875,40.66823507229803]},"properties":{":id":"row-uy5p~dh4a.59g4",":version":"rv-4e2d_7zg3.42qq",":created_at":"2016-06-22T15:52:53.927Z",":updated_at":"2016-06-22T15:52:53.927Z","name":"Park Slope","streetname":"6th Avenue","housenum":"431","city":"Brooklyn","zip":"11215","url":"http://www.bklynlibrary.org/locations/park-slope","bin":"3022144","bbl":"3010060001","x":"988839.694397","y":"182732.887634","system":"BPL","borocode":"3"}},
{"type":"Feature","geometry":{"type":"Point","coordinates":[-74.0103430690854,40.6752407736475]},"properties":{":id":"row-eeg3_qypg_tmxj",":version":"rv-izrt.ss8c~4ucw",":created_at":"2016-06-22T15:52:53.927Z",":updated_at":"2016-06-22T15:52:53.927Z","name":"Red Hook","streetname":"Wolcott Street","housenum":"7","city":"Brooklyn","zip":"11231","url":"http://www.bklynlibrary.org/locations/red-hook","bin":"3008650","bbl":"3005770029","x":"981381","y":"185285","system":"BPL","borocode":"3"}},
{"type":"Feature","geometry":{"type":"Point","coordinates":[-73.93035653080916,40.64861929304924]},"properties":{":id":"row-ky9m~37zr~zxf2",":version":"rv-wcq5_nbpd.uwys",":created_at":"2016-06-22T15:52:53.927Z",":updated_at":"2016-06-22T15:52:53.927Z","name":"Rugby","streetname":"Utica Avenue","housenum":"1000","city":"Brooklyn","zip":"11203","url":"http://www.bklynlibrary.org/locations/rugby","bin":"3103730","bbl":"3047210028","x":"1003575.67963","y":"175593.560791","system":"BPL","borocode":"3"}},
{"type":"Feature","geometry":{"type":"Point","coordinates":[-73.97596652755537,40.61587982519312]},"properties":{":id":"row-zew8~sy3r~nc77",":version":"rv-352u~6b6u-5nrw",":created_at":"2016-06-22T15:52:53.927Z",":updated_at":"2016-06-22T15:52:53.927Z","name":"Ryder","streetname":"23rd Avenue","housenum":"5902","city":"Brooklyn","zip":"11204","url":"http://www.bklynlibrary.org/locations/ryder","bin":"3172049","bbl":"3065480037","x":"990922.429626","y":"163658.927185","system":"BPL","borocode":"3"}},
{"type":"Feature","geometry":{"type":"Point","coordinates":[-73.91513241598248,40.68481004767251]},"properties":{":id":"row-cpda_dknz_53hq",":version":"rv-3tc2.vywu.tb6f",":created_at":"2016-06-22T15:52:53.927Z",":updated_at":"2016-06-22T15:52:53.927Z","name":"Saratoga","streetname":"Thomas S. Boyland Street","housenum":"8","city":"Brooklyn","zip":"11233","url":"http://www.bklynlibrary.org/locations/saratoga","bin":"3040218","bbl":"3014980035","x":"1007787.51197","y":"188782.594926","system":"BPL","borocode":"3"}},
{"type":"Feature","geometry":{"type":"Point","coordinates":[-73.95537377987904,40.58701342922593]},"properties":{":id":"row-2ctx.g4yh-92zj",":version":"rv-9gg3~jd9q_z49p",":created_at":"2016-06-22T15:52:53.927Z",":updated_at":"2016-06-22T15:52:53.927Z","name":"Sheepshead Bay","streetname":"East 14th Street","housenum":"2636","city":"Brooklyn","zip":"11235","url":"http://www.bklynlibrary.org/locations/sheepshead-bay","bin":"3204896","bbl":"3074580020","x":"996644.96582","y":"153144.400024","system":"BPL","borocode":"3"}},
{"type":"Feature","geometry":{"type":"Point","coordinates":[-73.88586614058737,40.653209761333976]},"properties":{":id":"row-3g8m.5gwn_6qpn",":version":"rv-5a9h-qu3x~tkvu",":created_at":"2016-06-22T15:52:53.927Z",":updated_at":"2016-06-22T15:52:53.927Z","name":"Spring Creek","streetname":"Flatlands Avenue","housenum":"12143","city":"Brooklyn","zip":"11207","url":"http://www.bklynlibrary.org/locations/spring-creek","bin":"3098071","bbl":"3044130025","x":"1015919.33333","y":"177278.944444","system":"BPL","borocode":"3"}},
{"type":"Feature","geometry":{"type":"Point","coordinates":[-73.90524945420668,40.66449962821875]},"properties":{":id":"row-f796~ehfv_nbaf",":version":"rv-6sjb-vf3x.yabu",":created_at":"2016-06-22T15:52:53.927Z",":updated_at":"2016-06-22T15:52:53.927Z","name":"Stone Avenue","streetname":"Mother Gaston Boulevard","housenum":"581","city":"Brooklyn","zip":"11212","url":"http://www.bklynlibrary.org/locations/stone-avenue","bin":"3084596","bbl":"3037940018","x":"1010536.49463","y":"181385.742798","system":"BPL","borocode":"3"}},
{"type":"Feature","geometry":{"type":"Point","coordinates":[-74.013630001215,40.64591212398883]},"properties":{":id":"row-g2uk.zt7y.ad5b",":version":"rv-htip.9bgs-7dpj",":created_at":"2016-06-22T15:52:53.927Z",":updated_at":"2016-06-22T15:52:53.927Z","name":"Sunset Park","streetname":"4th Avenue","housenum":"5108","city":"Brooklyn","zip":"11220","url":"http://www.bklynlibrary.org/locations/sunset-park","bin":"3013507","bbl":"3007980034","x":"980467.595808","y":"174599.8769","system":"BPL","borocode":"3"}},
{"type":"Feature","geometry":{"type":"Point","coordinates":[-73.98862740604375,40.59268511632151]},"properties":{":id":"row-dp9z_2fcc.z4h7",":version":"rv-j2kx_44jp~spq9",":created_at":"2016-06-22T15:52:53.927Z",":updated_at":"2016-06-22T15:52:53.927Z","name":"Ulmer Park","streetname":"Bath Avenue","housenum":"2602","city":"Brooklyn","zip":"11214","url":"http://www.bklynlibrary.org/locations/ulmer-park","bin":"3186777","bbl":"3068970035","x":"987408.47821","y":"155207.786621","system":"BPL","borocode":"3"}},
{"type":"Feature","geometry":{"type":"Point","coordinates":[-73.97773263286963,40.69448969834957]},"properties":{":id":"row-93dm_4bm5-9gq2",":version":"rv-xvdi-mn4j-zk3b",":created_at":"2016-06-22T15:52:53.927Z",":updated_at":"2016-06-22T15:52:53.927Z","name":"Walt Whitman","streetname":"Saint Edwards Street","housenum":"93","city":"Brooklyn","zip":"11205","url":"http://www.bklynlibrary.org/locations/walt-whitman","bin":"3058036","bbl":"3020390001","x":"990424.824253","y":"192298.55771","system":"BPL","borocode":"3"}},
{"type":"Feature","geometry":{"type":"Point","coordinates":[-73.91220085369726,40.697495053029975]},"properties":{":id":"row-kx5f_f3ac.jsup",":version":"rv-jc3c~7bpi-viid",":created_at":"2016-06-22T15:52:53.927Z",":updated_at":"2016-06-22T15:52:53.927Z","name":"Washington Irving","streetname":"Irving Avenue","housenum":"360","city":"Brooklyn","zip":"11237","url":"http://www.bklynlibrary.org/locations/washington-irving","bin":"3076852","bbl":"3033620032","x":"1008595.93079","y":"193404.913391","system":"BPL","borocode":"3"}},
{"type":"Feature","geometry":{"type":"Point","coordinates":[-73.9575546134494,40.70693042467486]},"properties":{":id":"row-jsyk_kgpd.247i",":version":"rv-6atr~mekf-dqnd",":created_at":"2016-06-22T15:52:53.927Z",":updated_at":"2016-06-22T15:52:53.927Z","name":"Williamsburgh","streetname":"Division Avenue","housenum":"240","city":"Brooklyn","zip":"11211","url":"http://www.bklynlibrary.org/locations/williamsburgh","bin":"3060090","bbl":"3021890001","x":"996018.067987","y":"196833.151003","system":"BPL","borocode":"3"}},
{"type":"Feature","geometry":{"type":"Point","coordinates":[-73.9767587688368,40.64875019151304]},"properties":{":id":"row-cak9.miem_r2mh",":version":"rv-zk7d-8pe9_xm2q",":created_at":"2016-06-22T15:52:53.927Z",":updated_at":"2016-06-22T15:52:53.927Z","name":"Windsor Terrace","streetname":"East 5th Street","housenum":"160","city":"Brooklyn","zip":"11218","url":"http://www.bklynlibrary.org/locations/windsor-terrace","bin":"3124000","bbl":"3053180010","x":"990699.301636","y":"175634.424011","system":"BPL","borocode":"3"}},
{"type":"Feature","geometry":{"type":"Point","coordinates":[-73.78404002857111,40.59314678303443]},"properties":{":id":"row-axkt.ej5x_5hrd",":version":"rv-tj3e_892c.vt7q",":created_at":"2016-06-22T15:52:53.927Z",":updated_at":"2016-06-22T15:52:53.927Z","name":"Arverne","streetname":"Beach 54 Street","housenum":"312","city":"Arverne","zip":"11692","url":"http://www.queenslibrary.org/branch/Arverne?filters=ev_loc:92300000","bin":"4301922","bbl":"4158900018","x":"1044227.47485","y":"155449.712116","system":"QPL","borocode":"4"}},
{"type":"Feature","geometry":{"type":"Point","coordinates":[-73.92874209024014,40.77237538146876]},"properties":{":id":"row-vex4.d8ub~pt6e",":version":"rv-krd6.qds2~j8is",":created_at":"2016-06-22T15:52:53.927Z",":updated_at":"2016-06-22T15:52:53.927Z","name":"Astoria","streetname":"Astoria Boulevard","housenum":"14-01","city":"Long Island City","zip":"11102","url":"http://www.queenslibrary.org/branch/Astoria?filters=ev_loc:92400000","bin":"4006113","bbl":"4005400030","x":"1003987","y":"220682","system":"QPL","borocode":"4"}},
{"type":"Feature","geometry":{"type":"Point","coordinates":[-73.79634178839724,40.773746255710755]},"properties":{":id":"row-5yaq_2eb3~yprc",":version":"rv-2u3a-8mbg~hrsc",":created_at":"2016-06-22T15:52:53.927Z",":updated_at":"2016-06-22T15:52:53.927Z","name":"Auburndale","streetname":"Francis Lewis Boulevard","housenum":"25-55","city":"Flushing","zip":"11358","url":"http://www.queenslibrary.org/branch/Auburndale?filters=ev_loc:92500000","bin":"4129461","bbl":"4057690010","x":"1040658","y":"221239","system":"QPL","borocode":"4"}},
{"type":"Feature","geometry":{"type":"Point","coordinates":[-73.79167861112357,40.68031131164878]},"properties":{":id":"row-4z32~9yyt-c998",":version":"rv-xcsx_mmjs.6mt2",":created_at":"2016-06-22T15:52:53.927Z",":updated_at":"2016-06-22T15:52:53.927Z","name":"Baisley Park","streetname":"Sutphin Boulevard","housenum":"117-11","city":"Jamaica","zip":"11436","url":"http://www.queenslibrary.org/branch/Baisley-Park?filters=ev_loc:92600000","bin":"4264849","bbl":"4122040099","x":"1042030.53174","y":"187200.879257","system":"QPL","borocode":"4"}},
{"type":"Feature","geometry":{"type":"Point","coordinates":[-73.77701089642582,40.78252384357715]},"properties":{":id":"row-mnc7.7a3w_z8f9",":version":"rv-v5rn~6ir4.thcp",":created_at":"2016-06-22T15:52:53.927Z",":updated_at":"2016-06-22T15:52:53.927Z","name":"Bay Terrace","streetname":"Bell Boulevard","housenum":"18-36","city":"Bayside","zip":"11360","url":"http://www.queenslibrary.org/branch/Bay-Terrace?filters=ev_loc:96600000","bin":"4131148","bbl":"4058650082","x":"1046004","y":"224450","system":"QPL","borocode":"4"}},
{"type":"Feature","geometry":{"type":"Point","coordinates":[-73.76836198066813,40.76012558120687]},"properties":{":id":"row-jy4g~jjzx.h5he",":version":"rv-yehx_dztw_b7pi",":created_at":"2016-06-22T15:52:53.927Z",":updated_at":"2016-06-22T15:52:53.927Z","name":"Bayside","streetname":"Northern Boulevard","housenum":"214-20","city":"Bayside","zip":"11361","url":"http://www.queenslibrary.org/branch/Bayside?filters=ev_loc:91100000","bin":"4157389","bbl":"4073330215","x":"1048420.78077","y":"216295.809912","system":"QPL","borocode":"4"}},
{"type":"Feature","geometry":{"type":"Point","coordinates":[-73.71710447116403,40.7351605518022]},"properties":{":id":"row-cj65~wcm4-5q2m",":version":"rv-hrnw.yc8y_7ypn",":created_at":"2016-06-22T15:52:53.927Z",":updated_at":"2016-06-22T15:52:53.927Z","name":"Bellerose","streetname":"Hillside Avenue","housenum":"250-06","city":"Bellerose","zip":"11426","url":"http://www.queenslibrary.org/branch/Bellerose?filters=ev_loc:96400000","bin":"4175514","bbl":"4086040085","x":"1062650","y":"207242","system":"QPL","borocode":"4"}},
{"type":"Feature","geometry":{"type":"Point","coordinates":[-73.81945312008847,40.71003455781208]},"properties":{":id":"row-t8rt_yqkb~zkiq",":version":"rv-k8k6.v7ek~pemg",":created_at":"2016-06-22T15:52:53.927Z",":updated_at":"2016-06-22T15:52:53.927Z","name":"Briarwood","streetname":"Main Street","housenum":"85-12","city":"Briarwood","zip":"11435","url":"http://www.queenslibrary.org/branch/Briarwood?filters=ev_loc:92700000","bin":"4206518","bbl":"4096510025","x":"1034304.61773","y":"198012.813014","system":"QPL","borocode":"4"}},
{"type":"Feature","geometry":{"type":"Point","coordinates":[-73.82005265821793,40.600732105185145]},"properties":{":id":"row-8qnq.36ii.5xks",":version":"rv-r765~efua.x7vi",":created_at":"2016-06-22T15:52:53.927Z",":updated_at":"2016-06-22T15:52:53.927Z","name":"Broad Channel","streetname":"Cross Bay Boulevard","housenum":"16-26","city":"Broad Channel","zip":"11693","url":"http://www.queenslibrary.org/branch/Broad-Channel?filters=ev_loc:97200000","bin":"4297581","bbl":"4154810530","x":"1034220.20713","y":"158190.630847","system":"QPL","borocode":"4"}},
{"type":"Feature","geometry":{"type":"Point","coordinates":[-73.91862332039818,40.75852926696433]},"properties":{":id":"row-bc8q_rsih-8gap",":version":"rv-2tpc~sg8q-tj44",":created_at":"2016-06-22T15:52:53.927Z",":updated_at":"2016-06-22T15:52:53.927Z","name":"Broadway","streetname":"Broadway","housenum":"40-20","city":"Long Island City","zip":"11103","url":"http://www.queenslibrary.org/branch/Broadway?filters=ev_loc:91200000","bin":"4011018","bbl":"4006760050","x":"1006794.3801","y":"215639.846985","system":"QPL","borocode":"4"}},
{"type":"Feature","geometry":{"type":"Point","coordinates":[-73.741163136486,40.695722605950635]},"properties":{":id":"row-ab6u.8nvx~p4nt",":version":"rv-t4gr.37s4~apjq",":created_at":"2016-06-22T15:52:53.927Z",":updated_at":"2016-06-22T15:52:53.927Z","name":"Cambria Heights","streetname":"Linden Boulevard","housenum":"218-13","city":"Cambria Heights","zip":"11411","url":"http://www.queenslibrary.org/branch/Cambria-Heights?filters=ev_loc:92800000","bin":"4536041","bbl":"4113190001","x":"1056025","y":"192853","system":"QPL","borocode":"4"}},
{"type":"Feature","geometry":{"type":"Point","coordinates":[-73.7946780399278,40.70787313178586]},"properties":{":id":"row-82zx_34uj_8e6x",":version":"rv-f4mw.5hk4.uest",":created_at":"2016-06-22T15:52:53.927Z",":updated_at":"2016-06-22T15:52:53.927Z","name":"Queens Central Library","streetname":"Merrick Boulevard","housenum":"89-11","city":"Jamaica","zip":"11432","url":"http://www.queenslibrary.org/branch/Central-Library?filters=ev_loc:11000000","bin":"4209635","bbl":"4097980006","x":"1041175.06757","y":"197240.470726","system":"QPL","borocode":"4"}},
{"type":"Feature","geometry":{"type":"Point","coordinates":[-73.86197684397808,40.7508940803989]},"properties":{":id":"row-pwyx.msk7.4adv",":version":"rv-wjup_5nbg-vkcs",":created_at":"2016-06-22T15:52:53.927Z",":updated_at":"2016-06-22T15:52:53.927Z","name":"Corona","streetname":"104 Street","housenum":"38-23","city":"Corona","zip":"11368","url":"http://www.queenslibrary.org/branch/Corona?filters=ev_loc:92900000","bin":"4044596","bbl":"4017750077","x":"1022491.94286","y":"212877.757037","system":"QPL","borocode":"4"}},
{"type":"Feature","geometry":{"type":"Point","coordinates":[-73.94442138618983,40.74689957448345]},"properties":{":id":"row-s638_qhgq_8k8h",":version":"rv-mh5i-yuwp.4kdc",":created_at":"2016-06-22T15:52:53.927Z",":updated_at":"2016-06-22T15:52:53.927Z","name":"Court Square","streetname":"Jackson Avenue","housenum":"25-01","city":"Long Island City","zip":"11101","url":"http://www.queenslibrary.org/branch/Court-Square?filters=ev_loc:97100000","bin":"4539937","bbl":"4000790030","x":"999650.041667","y":"211397.1875","system":"QPL","borocode":"4"}},
{"type":"Feature","geometry":{"type":"Point","coordinates":[-73.73822944076473,40.768225432005]},"properties":{":id":"row-2nej.f3px.2an9",":version":"rv-inme.u2ts-bidi",":created_at":"2016-06-22T15:52:53.927Z",":updated_at":"2016-06-22T15:52:53.927Z","name":"Douglaston/Little Neck","streetname":"Northern Boulevard","housenum":"249-01","city":"Little Neck","zip":"11363","url":"http://www.queenslibrary.org/branch/Douglaston/Little-Neck?filters=ev_loc:93000000","bin":"4169275","bbl":"4081260087","x":"1056759.56921","y":"219270.349239","system":"QPL","borocode":"4"}},
{"type":"Feature","geometry":{"type":"Point","coordinates":[-73.87386662995279,40.76242212968529]},"properties":{":id":"row-26jd.5uhy-9wvw",":version":"rv-8p9g.fqcm.vgg3",":created_at":"2016-06-22T15:52:53.927Z",":updated_at":"2016-06-22T15:52:53.927Z","name":"East Elmhurst","streetname":"Astoria Boulevard","housenum":"95-06","city":"East Elmhurst","zip":"11369","url":"http://www.queenslibrary.org/branch/East-Elmhurst?filters=ev_loc:93100000","bin":"4437122","bbl":"4013750001","x":"1019191.60596","y":"217072.829356","system":"QPL","borocode":"4"}},
{"type":"Feature","geometry":{"type":"Point","coordinates":[-73.78430296366649,40.757545679612846]},"properties":{":id":"row-4dg5_avcf-yvxx",":version":"rv-s95m.wz84_zajj",":created_at":"2016-06-22T15:52:53.927Z",":updated_at":"2016-06-22T15:52:53.927Z","name":"East Flushing","streetname":"Northern Boulevard","housenum":"196-36","city":"Flushing","zip":"11358","url":"http://www.queenslibrary.org/branch/East-Flushing?filters=ev_loc:96200000","bin":"4124564","bbl":"4055200018","x":"1044006.96709","y":"215344.594295","system":"QPL","borocode":"4"}},
{"type":"Feature","geometry":{"type":"Point","coordinates":[-73.87797365739723,40.738303240536474]},"properties":{":id":"row-bxka_jfte~k3q7",":version":"rv-pzm6~ngbv_9mzf",":created_at":"2016-06-22T15:52:53.927Z",":updated_at":"2016-06-22T15:52:53.927Z","name":"Elmhurst <br> (Temporary location due to renovations)","streetname":"51 Avenue","housenum":"85-08","city":"Elmhurst","zip":"11373","url":"http://www.queenslibrary.org/branch/Elmhurst?filters=ev_loc:93200000","bin":"4539447","bbl":"4015490001","x":"1018066.11458","y":"208283.9375","system":"QPL","borocode":"4"}},
{"type":"Feature","geometry":{"type":"Point","coordinates":[-73.75247942402618,40.60431350914963]},"properties":{":id":"row-mrwi_nhp3~57ce",":version":"rv-qii9.ktqg.j27f",":created_at":"2016-06-22T15:52:53.927Z",":updated_at":"2016-06-22T15:52:53.927Z","name":"Far Rockaway","streetname":"Central Avenue","housenum":"1637","city":"Far Rockaway","zip":"11691","url":"http://www.queenslibrary.org/branch/Far-Rockaway?filters=ev_loc:91300000","bin":"4298240","bbl":"4155590025","x":"1052981.125","y":"159541.208333","system":"QPL","borocode":"4"}},
{"type":"Feature","geometry":{"type":"Point","coordinates":[-73.82888468513289,40.75777406826378]},"properties":{":id":"row-k7j3_wycf~jrwj",":version":"rv-f8n3_y86w~rvfd",":created_at":"2016-06-22T15:52:53.927Z",":updated_at":"2016-06-22T15:52:53.927Z","name":"Flushing","streetname":"Main Street","housenum":"41-17","city":"Flushing","zip":"11355","url":"http://www.queenslibrary.org/branch/Flushing?filters=ev_loc:91400000","bin":"4114282","bbl":"4050430011","x":"1031655.84842","y":"215400.533816","system":"QPL","borocode":"4"}},
{"type":"Feature","geometry":{"type":"Point","coordinates":[-73.84301499681045,40.722146953166686]},"properties":{":id":"row-buns~c2yv~t2mk",":version":"rv-d4dn~a34d.ktda",":created_at":"2016-06-22T15:52:53.927Z",":updated_at":"2016-06-22T15:52:53.927Z","name":"Forest Hills","streetname":"71 Avenue","housenum":"108-19","city":"Forest Hills","zip":"11375","url":"http://www.queenslibrary.org/branch/Forest-Hills?filters=ev_loc:91500000","bin":"4052345","bbl":"4022230054","x":"1027764.44806","y":"202413.135906","system":"QPL","borocode":"4"}},
{"type":"Feature","geometry":{"type":"Point","coordinates":[-73.78228143761608,40.74158266352509]},"properties":{":id":"row-2zhm~mssa.kc68",":version":"rv-y2u9_uvrw_8jmc",":created_at":"2016-06-22T15:52:53.927Z",":updated_at":"2016-06-22T15:52:53.927Z","name":"Fresh Meadows","streetname":"Horace Harding Expressway","housenum":"193-20","city":"Fresh Meadows","zip":"11365","url":"http://www.queenslibrary.org/branch/Fresh-Meadows?filters=ev_loc:91600000","bin":"4444054","bbl":"4071170200","x":"1044581.46692","y":"209530.157024","system":"QPL","borocode":"4"}},
{"type":"Feature","geometry":{"type":"Point","coordinates":[-73.71484580101803,40.745172198133105]},"properties":{":id":"row-5f38-ptka_hsxf",":version":"rv-3cc7_rmvz_6jzt",":created_at":"2016-06-22T15:52:53.927Z",":updated_at":"2016-06-22T15:52:53.927Z","name":"Glen Oaks","streetname":"Union Turnpike","housenum":"256-04","city":"Glen Oaks","zip":"11004","url":"http://www.queenslibrary.org/branch/Glen-Oaks?filters=ev_loc:93300000","bin":"4177530","bbl":"4086930010","x":"1063264.07861","y":"210891.570435","system":"QPL","borocode":"4"}},
{"type":"Feature","geometry":{"type":"Point","coordinates":[-73.87574434777649,40.702585245598996]},"properties":{":id":"row-9fxb-34rh~8f4s",":version":"rv-sidh_mawh.k6ev",":created_at":"2016-06-22T15:52:53.927Z",":updated_at":"2016-06-22T15:52:53.927Z","name":"Glendale","streetname":"73 Place","housenum":"78-60","city":"Glendale","zip":"11385","url":"http://www.queenslibrary.org/branch/Glendale?filters=ev_loc:93400000","bin":"4090100","bbl":"4036960047","x":"1018702.36261","y":"195271.656189","system":"QPL","borocode":"4"}},
{"type":"Feature","geometry":{"type":"Point","coordinates":[-73.78191929899681,40.72925482196691]},"properties":{":id":"row-bw76-esmt_ewmz",":version":"rv-fnb9~3rwq-wf5s",":created_at":"2016-06-22T15:52:53.927Z",":updated_at":"2016-06-22T15:52:53.927Z","name":"Hillcrest","streetname":"Union Turnpike","housenum":"187-05","city":"Flushing","zip":"11366","url":"http://www.queenslibrary.org/branch/Hillcrest?filters=ev_loc:96500000","bin":"4155032","bbl":"4072040040","x":"1044693","y":"205039","system":"QPL","borocode":"4"}},
{"type":"Feature","geometry":{"type":"Point","coordinates":[-73.76232032699329,40.720166536917226]},"properties":{":id":"row-673k~bqed_wzvt",":version":"rv-59a4~yt2g.y53h",":created_at":"2016-06-22T15:52:53.927Z",":updated_at":"2016-06-22T15:52:53.927Z","name":"Hollis","streetname":"Hillside Avenue","housenum":"202-05","city":"Hollis","zip":"11423","url":"http://www.queenslibrary.org/branch/Hollis?filters=ev_loc:93500000","bin":"4224387","bbl":"4105320120","x":"1050134","y":"201742","system":"QPL","borocode":"4"}},
{"type":"Feature","geometry":{"type":"Point","coordinates":[-73.84180221655218,40.66381025649444]},"properties":{":id":"row-28mm.9deg.5v6f",":version":"rv-4ui3.he79.q87n",":created_at":"2016-06-22T15:52:53.927Z",":updated_at":"2016-06-22T15:52:53.927Z","name":"Howard Beach","streetname":"156 Avenue","housenum":"92-06","city":"Howard Beach","zip":"11414","url":"http://www.queenslibrary.org/branch/Howard-Beach?filters=ev_loc:93600000","bin":"4292455","bbl":"4139570001","x":"1028139","y":"181160","system":"QPL","borocode":"4"}},
{"type":"Feature","geometry":{"type":"Point","coordinates":[-73.88506932468307,40.75019608559315]},"properties":{":id":"row-kz8a_zgvy-cwrh",":version":"rv-s3uz_jdpx~7zwk",":created_at":"2016-06-22T15:52:53.927Z",":updated_at":"2016-06-22T15:52:53.927Z","name":"Jackson Heights","streetname":"81 Street","housenum":"35-51","city":"Jackson Heights","zip":"11372","url":"http://www.queenslibrary.org/branch/Jackson-Heights?filters=ev_loc:91700000","bin":"4029693","bbl":"4012810048","x":"1016094.06917","y":"212614.21721","system":"QPL","borocode":"4"}},
{"type":"Feature","geometry":{"type":"Point","coordinates":[-73.82226966032037,40.72693697185495]},"properties":{":id":"row-tdub_znzp_e2ju",":version":"rv-e6y6-h7b5.75gc",":created_at":"2016-06-22T15:52:53.927Z",":updated_at":"2016-06-22T15:52:53.927Z","name":"Kew Gardens Hills <br> (Temporary location)","streetname":"Main Street","housenum":"71-34","city":"Flushing","zip":"11367","url":"http://www.queenslibrary.org/branch/Kew-Gardens-Hills?filters=ev_loc:92200000","bin":"4143376","bbl":"4066200032","x":"1033511.26984","y":"204169.27063","system":"QPL","borocode":"4"}},
{"type":"Feature","geometry":{"type":"Point","coordinates":[-73.86819939085701,40.757577301854525]},"properties":{":id":"row-kw99_pww5_6zu9",":version":"rv-amxz.b8zs.7ny8",":created_at":"2016-06-22T15:52:53.927Z",":updated_at":"2016-06-22T15:52:53.927Z","name":"Langston Hughes","streetname":"Northern Boulevard","housenum":"100-01","city":"Corona","zip":"11368","url":"http://www.queenslibrary.org/branch/Langston-Hughes?filters=ev_loc:98200000","bin":"4437193","bbl":"4016950039","x":"1020764.20563","y":"215310.013428","system":"QPL","borocode":"4"}},
{"type":"Feature","geometry":{"type":"Point","coordinates":[-73.74567356126445,40.67695272804687]},"properties":{":id":"row-h87q.y5dz-3959",":version":"rv-6mxs_ftju-ucgs",":created_at":"2016-06-22T15:52:53.927Z",":updated_at":"2016-06-22T15:52:53.927Z","name":"Laurelton","streetname":"225 Street","housenum":"134-26","city":"Laurelton","zip":"11413","url":"http://www.queenslibrary.org/branch/Laurelton?filters=ev_loc:91800000","bin":"4281443","bbl":"4131050007","x":"1054794.1253","y":"186010.952175","system":"QPL","borocode":"4"}},
{"type":"Feature","geometry":{"type":"Point","coordinates":[-73.82482969850855,40.68690728824833]},"properties":{":id":"row-aexc~uj8v-jcex",":version":"rv-8imm.3ndu_n8cd",":created_at":"2016-06-22T15:52:53.927Z",":updated_at":"2016-06-22T15:52:53.927Z","name":"Lefferts","streetname":"Lefferts Boulevard","housenum":"103-34","city":"Richmond Hill","zip":"11419","url":"http://www.queenslibrary.org/branch/Lefferts?filters=ev_loc:91000000","bin":"4203685","bbl":"4095560020","x":"1032830.87264","y":"189583.852838","system":"QPL","borocode":"4"}},
{"type":"Feature","geometry":{"type":"Point","coordinates":[-73.86165592933878,40.737434137948505]},"properties":{":id":"row-5jtj_7mmp.aaiy",":version":"rv-cnwg-xm4d.5bk9",":created_at":"2016-06-22T15:52:53.927Z",":updated_at":"2016-06-22T15:52:53.927Z","name":"Lefrak City","streetname":"57 Avenue","housenum":"98-30","city":"Corona","zip":"11368","url":"http://www.queenslibrary.org/branch/Lefrak-City?filters=ev_loc:93700000","bin":"4047321","bbl":"4019180070","x":"1022588.6031","y":"207974.016845","system":"QPL","borocode":"4"}},
{"type":"Feature","geometry":{"type":"Point","coordinates":[-73.93930930198185,40.75780342796006]},"properties":{":id":"row-kica.p3tv-mvd9",":version":"rv-cpu4_c5vq~73mw",":created_at":"2016-06-22T15:52:53.927Z",":updated_at":"2016-06-22T15:52:53.927Z","name":"Long Island City","streetname":"21 Street","housenum":"37-44","city":"Long Island City","zip":"11101","url":"http://www.queenslibrary.org/branch/Long-Island-City?filters=ev_loc:97300000","bin":"4463561","bbl":"4003630001","x":"1001063.77476","y":"215370.753035","system":"QPL","borocode":"4"}},
{"type":"Feature","geometry":{"type":"Point","coordinates":[-73.89310456490118,40.72699537010918]},"properties":{":id":"row-43xi-pfew-sjac",":version":"rv-c796-2wfn~7cx3",":created_at":"2016-06-22T15:52:53.927Z",":updated_at":"2016-06-22T15:52:53.927Z","name":"Maspeth","streetname":"Grand Avenue","housenum":"69-70","city":"Maspeth","zip":"11378","url":"http://www.queenslibrary.org/branch/Maspeth?filters=ev_loc:93900000","bin":"4308052","bbl":"4027960008","x":"1013878.04539","y":"204158.650131","system":"QPL","borocode":"4"}},
{"type":"Feature","geometry":{"type":"Point","coordinates":[-73.8098334843409,40.76375031625646]},"properties":{":id":"row-nfpd_435n_xcm4",":version":"rv-iv8d~iwxe-xmu2",":created_at":"2016-06-22T15:52:53.927Z",":updated_at":"2016-06-22T15:52:53.927Z","name":"McGoldrick","streetname":"Roosevelt Avenue","housenum":"155-06","city":"Flushing","zip":"11354","url":"http://www.queenslibrary.org/branch/McGoldrick?filters=ev_loc:93800000","bin":"4119345","bbl":"4052750120","x":"1036929.06523","y":"217588.755817","system":"QPL","borocode":"4"}},
{"type":"Feature","geometry":{"type":"Point","coordinates":[-73.88085934625774,40.71293387617611]},"properties":{":id":"row-7epv-9ei4_mykj",":version":"rv-rcnp-kcxe.dbav",":created_at":"2016-06-22T15:52:53.927Z",":updated_at":"2016-06-22T15:52:53.927Z","name":"Middle Village","streetname":"Metropolitan Avenue","housenum":"72-31","city":"Middle Village","zip":"11379","url":"http://www.queenslibrary.org/branch/Middle-Village?filters=ev_loc:94000000","bin":"4312065","bbl":"4030577501","x":"1017279","y":"199040","system":"QPL","borocode":"4"}},
{"type":"Feature","geometry":{"type":"Point","coordinates":[-73.82694112165963,40.76914153216748]},"properties":{":id":"row-2dah_787n_uiw3",":version":"rv-p9pf.iy88.4jii",":created_at":"2016-06-22T15:52:53.927Z",":updated_at":"2016-06-22T15:52:53.927Z","name":"Mitchell-Linden","streetname":"Union Street","housenum":"31-32","city":"Flushing","zip":"11354","url":"http://www.queenslibrary.org/branch/Mitchell-Linden?filters=ev_loc:94100000","bin":"4535108","bbl":"4044147504","x":"1032186.11111","y":"219543.125","system":"QPL","borocode":"4"}},
{"type":"Feature","geometry":{"type":"Point","coordinates":[-73.85367250555949,40.711156858305394]},"properties":{":id":"row-qb4d~3bhc~82g8",":version":"rv-nivc-uazi-x6me",":created_at":"2016-06-22T15:52:53.927Z",":updated_at":"2016-06-22T15:52:53.927Z","name":"North Forest Park","streetname":"Metropolitan Avenue","housenum":"98-27","city":"Forest Hills","zip":"11375","url":"http://www.queenslibrary.org/branch/North-Forest-Park?filters=ev_loc:96800000","bin":"4076687","bbl":"4032070022","x":"1024817","y":"198404","system":"QPL","borocode":"4"}},
{"type":"Feature","geometry":{"type":"Point","coordinates":[-73.73183792044951,40.75925363922453]},"properties":{":id":"row-x7uk-ymz9-j2bk",":version":"rv-pnmc.s8bz.didw",":created_at":"2016-06-22T15:52:53.927Z",":updated_at":"2016-06-22T15:52:53.927Z","name":"North Hills","streetname":"Marathon Parkway","housenum":"57-04","city":"Little Neck","zip":"11362","url":"http://www.queenslibrary.org/branch/North-Hills?filters=ev_loc:94200000","bin":"4171760","bbl":"4082760657","x":"1058540","y":"216007","system":"QPL","borocode":"4"}},
{"type":"Feature","geometry":{"type":"Point","coordinates":[-73.84648846296761,40.680867178856886]},"properties":{":id":"row-dpxy~skwb_chw7",":version":"rv-2j28.tenn_r2ei",":created_at":"2016-06-22T15:52:53.927Z",":updated_at":"2016-06-22T15:52:53.927Z","name":"Ozone Park <br> (Closed for renovations)","streetname":"Rockaway Boulevard","housenum":"92-24","city":"Ozone Park","zip":"11417","url":"http://www.queenslibrary.org/branch/Ozone-Park?filters=ev_loc:94300000","bin":"4189526","bbl":"4091130030","x":"1026828","y":"187372","system":"QPL","borocode":"4"}},
{"type":"Feature","geometry":{"type":"Point","coordinates":[-73.81606502823946,40.58586414713836]},"properties":{":id":"row-yd6x_r6yp~umr4",":version":"rv-js8i.szqi-89zh",":created_at":"2016-06-22T15:52:53.927Z",":updated_at":"2016-06-22T15:52:53.927Z","name":"Peninsula","streetname":"Rockaway Beach Boulevard","housenum":"92-25","city":"Rockaway Beach","zip":"11693","url":"http://www.queenslibrary.org/branch/Peninsula?filters=ev_loc:94400000","bin":"4303629","bbl":"4161350013","x":"1035338.9184","y":"152776.168396","system":"QPL","borocode":"4"}},
{"type":"Feature","geometry":{"type":"Point","coordinates":[-73.81009488691065,40.732925077255004]},"properties":{":id":"row-fynq_m5ci-kcg2",":version":"rv-k7dr~t2wa_qfgt",":created_at":"2016-06-22T15:52:53.927Z",":updated_at":"2016-06-22T15:52:53.927Z","name":"Pomonok","streetname":"Jewel Avenue","housenum":"158-21","city":"Flushing","zip":"11365","url":"http://www.queenslibrary.org/branch/Pomonok?filters=ev_loc:94500000","bin":"4438294","bbl":"4067900022","x":"1036881","y":"206358","system":"QPL","borocode":"4"}},
{"type":"Feature","geometry":{"type":"Point","coordinates":[-73.84601807353184,40.786213103407846]},"properties":{":id":"row-djjv-evvm~34i6",":version":"rv-cmzr-nijp.2jv6",":created_at":"2016-06-22T15:52:53.927Z",":updated_at":"2016-06-22T15:52:53.927Z","name":"Poppenhusen","streetname":"14 Avenue","housenum":"121-23","city":"College Point","zip":"11356","url":"http://www.queenslibrary.org/branch/Poppenhusen?filters=ev_loc:94600000","bin":"4097863","bbl":"4040420113","x":"1026891","y":"225753","system":"QPL","borocode":"4"}},
{"type":"Feature","geometry":{"type":"Point","coordinates":[-73.75351240691268,40.60239019036059]},"properties":{":id":"row-9y76~y6a3~3qqu",":version":"rv-vqnn_ran2_k585",":created_at":"2016-06-22T15:52:53.927Z",":updated_at":"2016-06-22T15:52:53.927Z","name":"Queens Library for Teens","streetname":"Cornaga Avenue","housenum":"2002","city":"Far Rockaway","zip":"11691","url":"http://www.queenslibrary.org/branch/Queens-Library-for-Teens?filters=ev_loc:91309134","bin":"4000000","bbl":"4157040001","x":"1052696.26042","y":"158839.6875","system":"QPL","borocode":"4"}},
{"type":"Feature","geometry":{"type":"Point","coordinates":[-73.73904906070274,40.7198883271777]},"properties":{":id":"row-xxjs-pvmr~77y8",":version":"rv-yb56.hbeu-vxnu",":created_at":"2016-06-22T15:52:53.927Z",":updated_at":"2016-06-22T15:52:53.927Z","name":"Queens Village","streetname":"217 Street","housenum":"94-11","city":"Queens Village","zip":"11428","url":"http://www.queenslibrary.org/branch/Queens-Village?filters=ev_loc:91900000","bin":"4226761","bbl":"4106210012","x":"1056585","y":"201659","system":"QPL","borocode":"4"}},
{"type":"Feature","geometry":{"type":"Point","coordinates":[-73.82516996389201,40.74293094649011]},"properties":{":id":"row-emi9-y6ur-t7q6",":version":"rv-eere-iaz5.uxzu",":created_at":"2016-06-22T15:52:53.927Z",":updated_at":"2016-06-22T15:52:53.927Z","name":"Queensboro Hill","streetname":"Main Street","housenum":"60-05","city":"Flushing","zip":"11355","url":"http://www.queenslibrary.org/branch/Queensboro-Hill?filters=ev_loc:96900000","bin":"4140176","bbl":"4064050050","x":"1032695.76793","y":"209994.749024","system":"QPL","borocode":"4"}},
{"type":"Feature","geometry":{"type":"Point","coordinates":[-73.94424078652605,40.755073718041466]},"properties":{":id":"row-u38j-gwy5-am32",":version":"rv-25fu_v9jx_9j5i",":created_at":"2016-06-22T15:52:53.927Z",":updated_at":"2016-06-22T15:52:53.927Z","name":"Queensbridge <br> Now a Family Literacy Center","streetname":"41 Avenue","housenum":"10-43","city":"LIC","zip":"11101","url":"http://www.queenslibrary.org/branch/Queensbridge?filters=ev_loc:94700000","bin":"4595582","bbl":"4004700100","x":"999698.1875","y":"214375.322917","system":"QPL","borocode":"4"}},
{"type":"Feature","geometry":{"type":"Point","coordinates":[-73.93640396909242,40.76067995120377]},"properties":{":id":"row-uqrj_mzhj~4s5p",":version":"rv-staa-ydxe~f6zd",":created_at":"2016-06-22T15:52:53.927Z",":updated_at":"2016-06-22T15:52:53.927Z","name":"Ravenswood <br> Now a Family Literacy Center","streetname":"21 Street","housenum":"35-32","city":"LIC","zip":"11106","url":"http://www.queenslibrary.org/branch/Ravenswood?filters=ev_loc:94800000","bin":"4430693","bbl":"4003320002","x":"1001867.90839","y":"216419.335205","system":"QPL","borocode":"4"}},
{"type":"Feature","geometry":{"type":"Point","coordinates":[-73.86450282598912,40.72731656026829]},"properties":{":id":"row-hyta~9rfu-7vw3",":version":"rv-d3p8~e7x5_yuxn",":created_at":"2016-06-22T15:52:53.927Z",":updated_at":"2016-06-22T15:52:53.927Z","name":"Rego Park","streetname":"63 Drive","housenum":"91-41","city":"Rego Park","zip":"11374","url":"http://www.queenslibrary.org/branch/Rego-Park?filters=ev_loc:92000000","bin":"4072812","bbl":"4031030043","x":"1021805.35926","y":"204286.637736","system":"QPL","borocode":"4"}},
{"type":"Feature","geometry":{"type":"Point","coordinates":[-73.83164233461157,40.70079720332697]},"properties":{":id":"row-i7ew~3ifk_8a8z",":version":"rv-qvb4-r8rz~mvj5",":created_at":"2016-06-22T15:52:53.927Z",":updated_at":"2016-06-22T15:52:53.927Z","name":"Richmond Hill","streetname":"Hillside Avenue","housenum":"118-14","city":"Richmond Hill","zip":"11418","url":"http://www.queenslibrary.org/branch/Richmond-Hill?filters=ev_loc:94900000","bin":"4193458","bbl":"4092640056","x":"1030931.76581","y":"194640.643799","system":"QPL","borocode":"4"}},
{"type":"Feature","geometry":{"type":"Point","coordinates":[-73.90258827579805,40.70522689472795]},"properties":{":id":"row-biaq_dia3~4n3e",":version":"rv-mztu-wwrm_db5t",":created_at":"2016-06-22T15:52:53.927Z",":updated_at":"2016-06-22T15:52:53.927Z","name":"Ridgewood","streetname":"Madison Street","housenum":"20-12","city":"Ridgewood","zip":"11385","url":"http://www.queenslibrary.org/branch/Ridgewood?filters=ev_loc:92100000","bin":"4083512","bbl":"4034910001","x":"1011258.2804","y":"196224.669983","system":"QPL","borocode":"4"}},
{"type":"Feature","geometry":{"type":"Point","coordinates":[-73.7705902160538,40.67287520439724]},"properties":{":id":"row-d36d~2m7f~a2y9",":version":"rv-9dyj.v9fi~vaeg",":created_at":"2016-06-22T15:52:53.927Z",":updated_at":"2016-06-22T15:52:53.927Z","name":"Rochdale Village","streetname":"137 Avenue","housenum":"169-09","city":"Jamaica","zip":"11434","url":"http://www.queenslibrary.org/branch/Rochdale-Village?filters=ev_loc:95000000","bin":"4270057","bbl":"4124950175","x":"1047886.74312","y":"184506.315749","system":"QPL","borocode":"4"}},
{"type":"Feature","geometry":{"type":"Point","coordinates":[-73.73991101315558,40.659963623126]},"properties":{":id":"row-g4im-6svm_zgvi",":version":"rv-wgh3~qrnu-rvj6",":created_at":"2016-06-22T15:52:53.927Z",":updated_at":"2016-06-22T15:52:53.927Z","name":"Rosedale","streetname":"243 Street","housenum":"144-20","city":"Rosedale","zip":"11422","url":"http://www.queenslibrary.org/branch/Rosedale?filters=ev_loc:95100000","bin":"4287999","bbl":"4135490007","x":"1056410.89274","y":"179826.060673","system":"QPL","borocode":"4"}},
{"type":"Feature","geometry":{"type":"Point","coordinates":[-73.83774700520225,40.57940488152449]},"properties":{":id":"row-pf5i~g83e-cuhm",":version":"rv-5hrt.u7rk_9sas",":created_at":"2016-06-22T15:52:53.927Z",":updated_at":"2016-06-22T15:52:53.927Z","name":"Seaside","streetname":"Rockaway Beach Boulevard","housenum":"116-15","city":"Rockaway Park","zip":"11694","url":"http://www.queenslibrary.org/branch/Seaside?filters=ev_loc:96300000","bin":"4304786","bbl":"4162260001","x":"1029321","y":"150411","system":"QPL","borocode":"4"}},
{"type":"Feature","geometry":{"type":"Point","coordinates":[-73.75379739629261,40.707003911354256]},"properties":{":id":"row-vif3-9rvx~qghf",":version":"rv-mnxg-vqqz~yna8",":created_at":"2016-06-22T15:52:53.927Z",":updated_at":"2016-06-22T15:52:53.927Z","name":"South Hollis","streetname":"Hollis Avenue","housenum":"204-01","city":"South Hollis","zip":"11412","url":"http://www.queenslibrary.org/branch/South-Hollis?filters=ev_loc:95300000","bin":"4442263","bbl":"4109070030","x":"1052510","y":"196953","system":"QPL","borocode":"4"}},
{"type":"Feature","geometry":{"type":"Point","coordinates":[-73.79021187041809,40.695611117576654]},"properties":{":id":"row-gfii-eyit.mgfu",":version":"rv-9ixh~ip6h-jyx6",":created_at":"2016-06-22T15:52:53.927Z",":updated_at":"2016-06-22T15:52:53.927Z","name":"South Jamaica","streetname":"Guy R. Brewer Boulevard","housenum":"108-41","city":"Jamaica","zip":"11433","url":"http://www.queenslibrary.org/branch/South-Jamaica?filters=ev_loc:95400000","bin":"4539786","bbl":"4101710008","x":"1042424","y":"192776","system":"QPL","borocode":"4"}},
{"type":"Feature","geometry":{"type":"Point","coordinates":[-73.80926182925428,40.674783953734696]},"properties":{":id":"row-cdne.vpvj_n6r3",":version":"rv-aq65-fpbi_rqbk",":created_at":"2016-06-22T15:52:53.927Z",":updated_at":"2016-06-22T15:52:53.927Z","name":"South Ozone Park","streetname":"Rockaway Boulevard","housenum":"128-16","city":"South Ozone Park","zip":"11420","url":"http://www.queenslibrary.org/branch/South-Ozone-Park?filters=ev_loc:95500000","bin":"4254814","bbl":"4117500057","x":"1037158","y":"185176","system":"QPL","borocode":"4"}},
{"type":"Feature","geometry":{"type":"Point","coordinates":[-73.76007289358745,40.69249997141939]},"properties":{":id":"row-wpxp.6acr-3cub",":version":"rv-t52d-i96i_xk3w",":created_at":"2016-06-22T15:52:53.927Z",":updated_at":"2016-06-22T15:52:53.927Z","name":"St.Albans","streetname":"Linden Boulevard","housenum":"191-05","city":"St. Albans","zip":"11412","url":"http://www.queenslibrary.org/branch/St.Albans?filters=ev_loc:95200000","bin":"4238275","bbl":"4110620024","x":"1050784.58759","y":"191663.97522","system":"QPL","borocode":"4"}},
{"type":"Feature","geometry":{"type":"Point","coordinates":[-73.90945659290355,40.77682707405275]},"properties":{":id":"row-2cks_ijrw_eguy",":version":"rv-ia9e~hu9w_y2fh",":created_at":"2016-06-22T15:52:53.927Z",":updated_at":"2016-06-22T15:52:53.927Z","name":"Steinway","streetname":"31 Street","housenum":"21-45","city":"Long Island City","zip":"11105","url":"http://www.queenslibrary.org/branch/Steinway?filters=ev_loc:95600000","bin":"4016923","bbl":"4008310015","x":"1009327.01459","y":"222308.833435","system":"QPL","borocode":"4"}},
{"type":"Feature","geometry":{"type":"Point","coordinates":[-73.9216680312544,40.7408466968306]},"properties":{":id":"row-yy45.mxa4.cxx4",":version":"rv-y5f6~p3rx.9wk7",":created_at":"2016-06-22T15:52:53.927Z",":updated_at":"2016-06-22T15:52:53.927Z","name":"Sunnyside","streetname":"Greenpoint Avenue","housenum":"43-06","city":"Long Island City","zip":"11104","url":"http://www.queenslibrary.org/branch/Sunnyside?filters=ev_loc:95700000","bin":"4002111","bbl":"4001730016","x":"1005956.64264","y":"209196.751038","system":"QPL","borocode":"4"}},
{"type":"Feature","geometry":{"type":"Point","coordinates":[-73.81070183926587,40.78854019464647]},"properties":{":id":"row-6a7b-hebf.ecgy",":version":"rv-sqru_r2ke~sxim",":created_at":"2016-06-22T15:52:53.927Z",":updated_at":"2016-06-22T15:52:53.927Z","name":"Whitestone","streetname":"14 Road","housenum":"151-10","city":"Whitestone","zip":"11357","url":"http://www.queenslibrary.org/branch/Whitestone?filters=ev_loc:95800000","bin":"4107201","bbl":"4047170025","x":"1036669","y":"226620","system":"QPL","borocode":"4"}},
{"type":"Feature","geometry":{"type":"Point","coordinates":[-73.7556194209342,40.73450483347836]},"properties":{":id":"row-ec89-wd6x~a2f2",":version":"rv-qy96_w4ys~f78f",":created_at":"2016-06-22T15:52:53.927Z",":updated_at":"2016-06-22T15:52:53.927Z","name":"Windsor Park","streetname":"Bell Boulevard","housenum":"79-50","city":"Bayside","zip":"11364","url":"http://www.queenslibrary.org/branch/Windsor-Park?filters=ev_loc:95900000","bin":"4164306","bbl":"4077720001","x":"1051976.89001","y":"206970.9776","system":"QPL","borocode":"4"}},
{"type":"Feature","geometry":{"type":"Point","coordinates":[-73.86145741517984,40.69453115325741]},"properties":{":id":"row-4fpc_8ch3.jvsf",":version":"rv-5bru-vjde.3483",":created_at":"2016-06-22T15:52:53.927Z",":updated_at":"2016-06-22T15:52:53.927Z","name":"Woodhaven","streetname":"Forest Parkway","housenum":"85-41","city":"Woodhaven","zip":"11421","url":"http://www.queenslibrary.org/branch/Woodhaven?filters=ev_loc:96000000","bin":"4181578","bbl":"4088560085","x":"1022668.33783","y":"192343.257019","system":"QPL","borocode":"4"}},
{"type":"Feature","geometry":{"type":"Point","coordinates":[-73.9097937387323,40.745341712986715]},"properties":{":id":"row-ing2-x3kc.e5ih",":version":"rv-pww8-p6nj.j2uy",":created_at":"2016-06-22T15:52:53.927Z",":updated_at":"2016-06-22T15:52:53.927Z","name":"Woodside","streetname":"Skillman Avenue","housenum":"54-22","city":"Woodside","zip":"11377","url":"http://www.queenslibrary.org/branch/Woodside?filters=ev_loc:96100000","bin":"4030847","bbl":"4013170085","x":"1009245.45098","y":"210837.593138","system":"QPL","borocode":"4"}}
] }
