,Metric,Value
0,Null Deviance,8453.635228029078
1,Deviance,2831.2083821445844
2,AIC,-27070.603687899435
3,BIC,-151304.46178962514
4,log_likelihoods,13554.301843949717
