,Metric,Value
0,MSE,0.008361297358941125
1,RMSE,0.09144012991537756
2,MAE,0.06396629506950093
3,MAPE,1494.33
