,Metric,Value
0,MSE,0.008596072541785012
1,RMSE,0.09271500710125094
2,MAE,0.06442330453004795
3,MAPE,1430.32
