,Metric,Value
0,MSE,0.013380919823720121
1,RMSE,0.1156759258606566
2,MAE,0.06968670097358917
3,MAPE,1565.72
