,Metric,Value
0,Null Deviance,3750.8640976795305
1,Deviance,1131.1306545215452
2,AIC,15563.653551008028
3,BIC,-153004.53951724817
4,log_likelihoods,-7762.826775504014
