,Metric,Value
0,MSE,0.013475118254858047
1,RMSE,0.11608237702105366
2,MAE,0.08868458746415038
3,MAPE,3034.21
