Feature,PC1,PC2,PC3,PC4,PC5,PC6,PC7,PC8,PC9,PC10,PC11,PC12,PC13,PC14,PC15,PC16,PC17,PC18,PC19,PC20,PC21,PC22,PC23,PC24,PC25,PC26,PC27,PC28,PC29,PC30,PC31,PC32,PC33,PC34,PC35,PC36,PC37,PC38,PC39,PC40,PC41,PC42,PC43,PC44,PC45,PC46,PC47,PC48,PC49,PC50,PC51,PC52,PC53,PC54,PC55,PC56,PC57,PC58,PC59,PC60,PC61,PC62,PC63,PC64,PC65,PC66,PC67,PC68,PC69,PC70,PC71,PC72,PC73,PC74,PC75,PC76,PC77,PC78,PC79,PC80,PC81,PC82,PC83,PC84,PC85,PC86,PC87,PC88,PC89,PC90,PC91,PC92,PC93,PC94,PC95,PC96,PC97,PC98,PC99,PC100,PC101,PC102,PC103,PC104,PC105,PC106,PC107,PC108,PC109,PC110
Severity,-0.0106498738698532,-0.081680578224431,0.279351420406573,-0.146361833129091,0.243781059484573,-0.129362853854375,0.0908962985232134,-0.0815268652909085,0.120961001304412,-0.0278768204300285,0.0316856387896885,-0.0387782266805379,0.0331538124317328,-0.0234603203344868,0.0122854653094319,-0.0294527259363343,0.0844336624347852,-0.012776376030763,0.0107487378314833,-0.00163668367684321,-0.032704071065001,0.0307897612621602,0.0374195722825579,-0.0227859258761396,-0.0114793978864691,0.0247617618284133,0.00329916027404047,0.00649345083951264,-0.0265460375558195,-0.0393818982181345,0.0121395750981732,0.00155039663945822,-0.0393029416053617,0.0447166060156801,0.0407857995012559,0.0114567842114677,-0.0233364351750504,-0.0127809606806683,-0.00870806001405188,-0.00967681453924081,-0.00934196168126847,-0.00754202690814216,-0.0241307810080212,-0.000326902484353506,-0.0193649657452025,-0.0115556926858949,-0.00528004112707844,-0.021254911684166,-0.0112690298468043,-0.00156705376199802,-0.000509942914408483,-0.0277017640163025,-0.00637264579189864,-0.00166114112543059,-0.00945873674973715,-0.00142205963879028,-0.00735720570727854,-0.000248099166925104,-0.00112387744244846,-0.00218793510504952,-0.00460727209143578,0.00212937876462474,0.000694730064349732,8.51294176395072e-06,0.00243168550308909,0.00197211534394827,0.00241982832676254,0.00317003927601874,0.015294915402042,0.0104254416559268,0.00425317594492695,0.0184985856272388,0.00717978406336778,0.00649667414831419,0.00250745251115428,0.000994770375953689,0.0167930161672625,0.00581167856120093,0.0543454736435069,-0.0437270348894061,-0.00663419922762293,-0.00747809281806501,-0.00899696267146848,0.0120063397894373,-0.0743475983984978,-0.00309303716857183,0.0326824686787151,-0.0963645511409821,0.0705994133732662,-0.0594427128880753,0.00087123596934042,-0.0356639890347801,0.0398021433548944,-0.079341723184069,0.15509943040273,-0.164294738087076,0.813805094762428,0.0360976210502843,-0.0436292279320823,0.0233628337423092,-0.00341925068468184,-0.00422778242338611,0.0187358512104297,-0.00993410287667618,0.00180842362308629,-0.0023084915139387,0.000720306910325902,-0.0315039291018567,0.00174550313023258,-0.00613067430122691
Distance(mi),-0.0129414230413299,-0.0350211350955352,0.0987652313629999,-0.263713414042163,-0.0894951804206786,-0.00695316756748104,0.118633944439929,0.0383035478489683,-0.0432345790215995,0.0150415440328078,0.00666929354662761,0.00820862821053985,0.00266940755364921,-0.0255525627719173,0.0452250152896073,-0.0249867894708137,-0.0246986034983091,-0.0401595925543456,-0.0169369690552246,-0.0789149585446099,-0.203227295112136,0.0482089132746523,0.0119442756619365,-0.0492190491031796,-0.0444775495397689,0.132027904777715,0.0347124351065024,0.0640625352367097,0.0394928304886229,-0.0454536651037521,0.0404142037182395,0.0162599337712567,-0.0378195652228955,0.140303977092869,0.0864183397341971,0.0154279312628329,-0.0231364172677706,0.0620582844139761,-0.0300242586236739,-0.0031171850466006,-0.0348508122373147,0.0805399240789161,-0.036004587261444,0.0499899709514737,0.024030452948978,-0.00153182575776821,-0.00438723625466661,-0.0118466271760252,-0.0209750627967011,-0.0122735353644641,0.0162291851808999,-0.0146519539681193,0.0112133330853829,0.00741866004956813,-0.00179037588731988,0.00380327379215597,0.00360840233474572,-0.00347203849404213,-0.00300877235249102,0.000522665529215005,0.00606275644384833,0.00211088415876472,-0.000530375911106284,-0.000822217317157371,0.00233627259666639,-0.00647230740158288,0.00347472601094922,0.00778748170022543,0.00302494069350009,0.0168577441557684,-0.00578773523392971,-0.00783770625072151,0.0210101010868131,-0.0126538497731018,-0.00117429199329778,0.0181195765855181,0.0111671948143494,-0.0397564365627904,0.0911184417346347,-0.0497222556934459,-0.0062525437653123,-0.00514484448376687,-0.0109519012537563,0.14713817045027,-0.11534315361212,-0.00936313780308236,0.184159922414533,-0.137173792304618,-0.249143215522636,0.0142606590453961,0.267939892596323,-0.118276786571389,0.0292085015750057,0.18802619493584,0.62736689667319,-0.116437787342591,-0.25138098845639,0.0213988690451588,-0.00397727951091331,0.00588618786371078,0.00754920269056055,0.00898759143231287,-0.00626883966548824,-0.00157523695979478,0.00254156269371854,0.00691519836662118,0.000451127822239292,0.00875244973701656,0.000221024891827804,0.00119710663777254
Temperature(F),0.261607193079364,0.120557258115993,0.111424887295103,-0.0418922734323657,-0.206108979620206,-0.334044567770386,-0.201725379884702,-0.126153021791362,-0.0246074566929858,-0.00172880960018384,0.0453533379652143,0.0288058287224033,0.0430118648106694,0.0592308394831444,-0.046952743147071,0.0193011170572886,-0.0448052773430435,-0.00406207208368201,-0.0280387359498666,0.0074939803041394,0.00885071865908147,-0.0275272216870858,-0.00880712686492882,-0.0454841947918205,0.040068721995838,0.0382763989956601,0.0160818504871257,-0.00962338721906991,0.0242485546021218,-0.0234361647770748,0.0127194577630088,-0.00828021498715797,-9.69848875140219e-05,0.00180666013807338,-0.0175498519036603,0.0105922066928201,0.00442806493224076,-0.0145144784668186,0.00308471654856055,-0.00439876340405658,0.0124534243769356,0.00824853915280835,0.00689047488635058,0.000180302294750085,-0.000803677913198735,0.00399467277420026,0.00378738512385371,0.00244103281233446,-0.00331482099501125,0.00133677686638771,-0.00405324853855098,0.000752053586209878,-9.18814212266406e-05,-5.98186252300965e-05,-0.00179982632594457,0.000154464282218804,-0.0030520564326482,-0.0025346740360968,0.000397303469888865,0.000783056242237904,0.0013217543057441,-0.0025251439798087,-0.000444641989335507,-0.000134206668453515,-0.00135250053728425,-0.000525148374232727,-0.00192100022269632,0.00104315133906749,-0.000318239150924129,0.00154340160314263,-0.000370823005412552,0.00231038444657914,0.00175656834552542,-0.00426586679792407,-0.0128039717783416,0.009654048758728,-0.00965164512942412,-0.0074111763091864,-0.011577187954864,0.0253226403551734,-0.0170221387229726,0.00799017263351843,-0.00232131577981645,0.00203586703434539,-0.00273260265529632,-0.029681983090566,-0.00343560811774475,0.0064033775374773,0.0235349276822052,0.0551531255774311,-0.00166413657031187,0.0319113929031148,0.0776079120096374,0.0410663540425495,0.00557642910788059,0.0524687845630497,0.0157338088108565,0.142415928568746,-0.0303874773769249,-0.012689785023173,-0.00268139371113829,-0.561054443424086,-0.507297893826839,-0.0745357032895037,-0.222978077439864,-0.034169375015207,-0.0261392955689138,0.0233246028307222,0.00317233818270663,0.000220658228848009
Humidity(%),-0.255936748867143,-0.341940343178283,0.0202057889710633,0.0613610740691462,-0.0135491989468923,-0.114532318787663,-0.0729555631919408,0.222689247603456,-0.0103475302239104,-0.00357527741642527,0.190615234914447,-0.0592996214045094,0.0369629700479019,0.117732707107617,-0.0730784374533857,0.0319776281811588,-0.00437278384375139,-0.0133770254259617,-0.00565378574736973,-0.0275520732197275,-0.0117115411350381,-0.020497890216284,0.0084857926413849,-0.0051373626386081,0.0184369638407019,-0.00159506544778966,0.00801275897219814,-0.00750577304462019,0.0272310613533731,0.0223300230458735,0.00785416512645977,-0.0112420550601335,0.0136906696904394,-0.0148724577489233,0.0309630221843006,-0.0213802939210351,0.0223451509077107,-0.0153115045891439,-0.0330676234414865,0.00325531630991366,-0.0218746007514687,-0.00488163675926425,0.00623947421116003,0.00249542767478454,-0.00435074570532164,-0.00666794678233894,0.00198190774524,0.00467166011693608,0.00169154434312429,0.000535617125575057,-0.00507127740334049,0.00212570134187578,-0.000362872712487223,0.000465803528510082,-0.00186147254643048,0.0029379138656469,0.00083203092667767,-0.00233780681128115,-0.000540973592969592,0.00197874868979891,0.0016541333445842,-0.000538200312183029,-0.000550796354136118,8.02458082052673e-05,-0.000429104804472602,-0.0014729215689587,-0.000300140163331587,-0.00523413134945586,-0.00156233392538052,-0.000601114882662936,-0.00646951391199287,0.000973096291033149,0.0136294086216543,-0.0117765120036053,0.00978084257046318,0.00887542427210752,-0.0090823996528065,0.000441530857694978,0.0016461542777688,0.0200959424417563,-0.0116861446606465,-0.0127037425152117,0.00673630227202829,-0.0264601410426782,-0.00834805059716781,-0.0287806435838274,-0.011115424177901,-0.0215401151811616,0.0124821000973193,0.0972703191426963,0.0458115710975486,0.116530914165864,-0.0400332373283745,-0.0423865777388874,-0.0298360200604163,-0.157522467226472,-0.0280068469371253,0.0326092503131884,0.0473123303449452,-0.0635448893492303,0.0625752806598107,0.406085483649263,-0.435218723330835,-0.475481208728021,-0.146880270310238,0.0483702218450452,0.027368574958874,0.0105592900635142,-0.0115892254649442,-0.0196989058850782
Pressure(in),-0.0134372208699721,0.0690163003606937,-0.0177014635367243,0.0444842226306607,0.385219183741635,0.183567691680936,0.195877687408488,-0.159707415901221,-0.366690120401415,-0.0355652794703297,-0.044431750005185,-0.0355517634026034,0.0733796727604583,0.0272427229598727,-0.0462369720010174,-0.000222968834120704,-0.0852519876704769,0.00113106106086472,-0.027945045119335,0.0130492613175874,-0.00610829462000031,0.00251212158337085,0.00880407200072841,-0.00762145303980424,-0.0391784911742821,-0.01064767296991,0.0231726576960342,-0.0128611786190124,0.0367114163511508,0.0314364030546703,-0.0353893415908629,-0.0462351988435565,-0.000675587589508432,-0.0185278607207755,0.0292774323851501,0.0678436771805169,-0.0140966681114815,0.0140117123825778,-0.0283901092857507,0.0282904315437584,-0.0263452600655457,0.0243096103960387,-0.0184258496654901,0.0126980088576087,-0.00829835763357036,-0.000352848480425442,0.00987682579620683,0.00761472060179342,0.00648829682141316,-0.00920057307383766,-0.0101217935324963,0.00211292373983179,-0.00424542860061726,-0.00438378041029289,0.000180671492727117,0.00396712348569729,0.0106358073079743,-0.00256164161237138,-0.00341330570011792,0.00107726843637696,0.00257439642060183,-0.00158496255804528,0.000180395816011036,-0.000708975456871363,-0.000937999054199577,-0.005196970808834,0.0112166525578384,-0.00261275013343366,-0.00254984084519122,-0.0128455028039898,-0.0291192761332921,-0.0148255735602534,0.0230189836919255,-0.0448154109725538,-0.0105023551523962,0.00839001241139143,-0.00523532794144666,0.00267132087830212,-0.0195281964374569,-0.0145492294806795,0.0167196661395309,-0.00820807846074246,0.0184576556177539,0.076497209779831,0.0238221654920654,-0.0414203128738226,-0.0220727176799063,-0.000859439248638616,-0.0489198533140426,-0.00328404307895951,-0.00139874954229329,-0.0166863726055276,-0.0483405265646093,-0.0121104114185497,0.00607125536345955,-0.0710950332794924,-0.00709403407695931,-0.623890451166693,0.230548133136465,0.0203809479148173,-0.00760669156811362,-0.170597302667823,-0.248182450463725,-0.0683153098892117,-0.0970797553853771,-0.00395896621175023,-0.00305186808619959,-0.0278028903214501,0.00468172667804315,-0.00283267112075727
Visibility(mi),0.0767739578703098,0.53883078594294,-0.103416413408442,-0.122121276923703,0.205462373245916,-0.122437879110777,-0.0212436710593586,0.249269822481009,0.0732652525280668,0.0349649143674136,0.0816390934955838,-0.00839530956236223,-0.013136680260761,0.0249526232893005,-0.0152062908598007,0.00899524122390959,0.022367594460703,0.00836256141171175,0.00332309057815894,-0.0171779235058606,-0.00753458501330519,0.0102967079247562,-0.00715169177716087,0.0134214881137559,0.000863519519116885,-0.00529193600442586,-0.003355360514492,-0.00173413185672368,-0.00146185487057721,-0.00322480730918902,-0.00141372598775972,0.00867117893323943,-0.00107573539165355,0.00243710194068034,0.00508346954938645,-0.0092991141028877,0.00365683971455576,0.00350610043716817,-0.000107918381394817,-0.00212959015494728,-0.00719486290425,-0.00247117791011771,-0.00111757966273267,-0.000928520307109091,-0.00160967705867913,0.0023837154058423,-0.000954640024540335,-0.000963546289080207,-0.000278559103090426,0.000486383325450149,0.000326376488786745,-0.00100846479879095,0.000350382799745317,-0.00040609216767935,-0.000298990229463829,-0.000674329009590458,-0.000710152991049802,-0.000221628841230849,0.00039143288863464,0.000453189832363817,-8.86590901864499e-05,0.000150033841061031,-0.000144943898035906,-3.547953971525e-05,5.62820309822042e-05,0.000406232239296192,-0.000633092133574141,0.00160305600238022,0.00121075063849514,-0.000611366984097118,0.00393745426782034,0.00296326749183343,0.000866497022186084,0.00277218874373045,-0.00015124853837274,0.000410295945936093,-0.00175060645554687,-0.00128652322329833,0.00368286149037475,-0.00112114256357179,-0.00500457930818106,0.00249537234520918,-0.00435978594888563,-0.00612139057054619,-0.0132876191936145,0.00903612509031536,0.00672306793938484,-0.0146916546350637,0.00282486253592526,0.0119978029440302,0.0198304265966491,0.0204141135570167,-0.0487398880878959,-0.0230883983838696,-0.00325902400047429,-0.0332738574004403,-0.00663933993818636,0.0165135955034845,-0.00553970477859116,-0.0152817490319588,0.0144501089793306,0.0901312421442974,-0.0447863095660877,-0.0380764746963329,-0.0147059786795721,0.721730935886642,0.0074025262808679,-0.0543921870469894,0.00668806044976628,0.0107273720102716
Wind_Speed(mph),0.214989667938591,0.148209118717546,0.379685730806936,0.211232781986932,-0.12138927983889,0.28098244484613,0.0856560289062807,-0.0253741708832305,0.00649071030870199,-0.0219444168707061,0.117499957040174,-0.0285316336625338,-0.127163811239737,0.0638627113655173,0.00199201480877595,0.00886271475997508,-0.0267460967208061,0.00153228231203419,0.0295560621767219,-0.00472465715182665,0.0114808947643048,-0.0214157766754959,-0.0231435586794388,0.0115156531469929,0.00407383225693981,-0.00376262497328065,-0.00635787157721506,0.0112063505614414,-0.00581310447890949,-0.00907580151689345,0.0125615679636314,0.0241117005482643,0.0031951658050273,0.0145149803649298,-0.00510795815083732,-0.0012508701976652,0.00992261931427161,0.012543840995312,-0.00578308498108721,-0.00585068148137836,-0.0011546506186313,0.0025100651499455,-0.00103620856013725,-0.00123463786385068,-0.00274458648575569,0.004731807441506,-0.00107831074257591,-0.000377619318989383,0.00394921512180626,-0.00181474519250466,0.00195320002703984,0.00120308337977432,-0.0023178005558803,-0.00122676382484755,0.00106371392382853,-0.000114391080314064,-0.000167139920042353,-0.000689243494761673,-0.000592895701825041,-0.000774672310843365,8.45862163389643e-05,0.00034818049583977,-3.24806016747543e-05,-0.000187795113332502,0.000391933916491844,-0.000416671543648124,0.000387799329352864,0.00166985647442496,-0.00114852021016559,-0.00153544158853334,-0.000456382732246838,-0.00363447556938059,-0.0029661021252144,0.00125870788959416,0.00581265876006747,-0.00329758905770602,-0.00295158361181814,-0.000157499162871427,-0.0156319221529597,-0.00212784717162956,-0.00589318437016175,0.00940765346077031,-0.000322244106597215,0.0214738723688465,0.00414175226172228,0.0317141624064055,0.00462526043807844,-0.00682167417449411,0.00512395160096628,0.0219995326992301,-0.00379587653393347,-0.00114740789963595,0.0452994279153008,-0.00236122517563107,-0.0122909403102713,-0.0917551470913441,-0.0351408840456351,-0.00674236715068267,-0.079205908761706,0.0200040268631205,-0.0203880620036773,-0.0407696023641137,0.382255276663168,-0.421704481904163,-0.501774962222256,0.0298687036983193,-0.00761104629186936,0.0365737814281615,-0.00105677494706736,-0.0101893766372378
Amenity,0.0141941999915206,0.0340900479979164,-0.0436889853148021,0.0927793714545152,-0.036134890278339,0.0101461611478231,-0.0560382734585248,-0.0144464689865103,-0.0900769530225121,0.0042849474538517,-0.0660388316573158,-0.129148750481609,0.0901186098876417,0.0209661861638458,0.0129637179311122,-0.0917465516523411,0.153239856389504,0.015110577423446,-0.0693312899072905,0.0735562826267892,0.0795409004826296,-0.0572073458294889,0.160869395903697,-0.0589308834537368,0.080536884716197,-0.0809350398322104,-0.031948868542445,0.00245144448521923,0.0111547010629372,0.155995143628727,0.0933564118277608,0.122748714502327,-0.260853830515006,-0.239521557048467,-0.0707024466123438,-0.129408731982936,0.044011567860689,0.115103584331344,0.0703836765351864,-0.0330533729016464,-0.0650315887875739,0.040982337101295,-0.0886073640444062,0.0532451455374514,0.0135822133529849,-0.0165735070862444,-0.0470354009840625,-0.0490702768340459,0.00686991884413857,-0.0278303494014609,-0.0407812085300508,-0.00451377764831146,0.0171246770512162,0.00555510233169263,-0.0137886551666535,0.00172275419105556,0.00764075652302098,-0.00263748441975964,-0.0330514175650614,-0.0135448337188892,-0.0176707827391047,0.0120595662454754,0.00551761993911137,-0.00454250843354138,0.00842841966183347,-0.013662322744076,0.0210592141254105,-0.0285949135062593,0.0455287253152829,-0.0688409713667373,-0.0790993660016521,0.0338573380053754,0.0280384110636856,0.147200361539476,0.124406347180653,-0.157674930990587,0.0188353222491581,-0.107210368205977,0.01104563077018,0.0366918698756094,0.0218452051402648,0.215308692177518,-0.064018755406668,-0.0218870654091985,-0.251074138125827,-0.0693701752712628,0.1917497802415,-0.401342557743753,-0.138583267042964,0.0487845285962563,0.0641471842466096,-0.081468588171543,0.189122953150125,-0.348431460623475,-0.0619639460540557,0.0277604106651025,-0.036877916815478,-0.00954978022784399,-0.00363888260712239,-0.0447811143496393,0.0184631725411666,0.00160580400876893,0.00181175011740981,0.0049546988890703,0.00133869413005885,-0.000481435621638521,-0.000826185875192275,0.00230480679250494,-0.000269542314363853,-0.00015886216043734
Bump,-0.000928730282447295,0.0170205072776102,-0.0519465674240235,0.205323487068894,-0.109147353894927,-0.318358141261844,0.560730259778491,0.0323458793127706,0.0416636273918379,3.61112793755836e-05,-0.00198568508719684,0.0643724915626934,-0.0445981991206522,-0.0417320507872827,0.00818349308923256,0.0153179372899011,-0.0681600917531868,-0.0205316081194683,-0.00250099687546448,-0.00574337075626311,0.0447357163287368,-0.0393963929567793,-0.0168213972496117,-0.000841649186059081,0.0048372197634996,-0.0346121788369191,-0.0183959692786636,-0.00197908339791101,0.0404405737742923,0.0475360383684696,0.00826020628283336,0.00891142822458028,-0.0233674219936665,-0.0279487255808303,-0.00688460667687633,-0.0137027930772187,0.00133764331023526,0.00201039982915033,0.0016388835424979,-0.00797185404474004,0.00284753109304945,-0.00369651728767505,-0.00619585547852426,0.00911949679708029,0.00269207025365339,-0.000380442318530759,-0.00460059194121826,-0.00301395797698507,0.00175237694729965,-0.00156293648185022,-0.0137749700644833,-0.000978723612476522,-0.000248005540091186,-0.00323972379667423,-0.000223505037513189,0.00240323581823275,0.00361013934572764,-0.000123804982413043,-0.00149745294168935,-0.0010449435114904,-0.000886454526097104,-0.000465465219598605,0.000547624751935415,-0.000484926271023548,-0.00139997969723303,0.000174133407452264,0.00204053423204567,0.00323835394693616,-0.00285326381122884,-0.0143828063270514,-0.00929929540421829,0.00412768011917495,0.0199441415537982,-0.00211138919593712,0.0193934599688505,-0.0139665552034792,0.00170965255485577,-0.00766605838729056,0.000322943367935702,0.00747295779038426,0.00216781245797193,0.00986132391566679,0.00877616260107018,-0.00345654385219543,-0.0114714522276721,-0.0027234234016992,0.0137685542995373,-0.00994694973631252,-0.0262644918604562,0.00570358181060565,-0.0754302889687935,0.029299798745998,-0.0136226499591125,0.0205509877575243,0.000329737915522099,0.0106845771501653,-0.00684357184824921,0.00313764242726013,0.00126737462257201,0.309377324751944,0.626641013830413,-0.0275719968146463,0.0185523219730496,0.00269425228524095,0.00108179334246821,-0.00303527430591181,-0.000581298314534282,0.000121255290257971,0.000606474667157233,-0.000100377607852475
Crossing,0.0337629865538578,0.0665721115278193,-0.243344337784136,0.495147547955032,0.0159085048759294,-0.0105563729300014,-0.207326963556747,-0.0442486322237829,0.0492030280749196,-0.00489552658637029,0.00189716299373575,0.00467007662678631,0.032569592171144,-0.0191693531692297,0.0345007303678765,-0.0138431100964277,-0.00111459833501945,-0.028016421191459,0.0130874922770663,-0.0378402893950607,-0.124414768129198,0.0540422195829769,0.0128158366932879,-0.0114364134127125,-0.0496369497606993,0.0740725353030515,0.0151807449676003,0.0292546071621507,-0.0201288711345207,-0.0383824859007572,0.0114288466538305,-0.0112245334951912,0.0160224333524116,0.061648088835834,0.0400899913721798,-0.00665208773189965,-0.0120466353564753,0.0115531567440015,-0.0162467895776366,0.0218562148549828,-0.00470505403990625,0.0340504996199897,-0.0148335853085623,0.016784241492665,0.0163467622806516,-0.00554986797117063,0.00798401686509255,-0.00733520219947417,-0.00533151091506046,-0.00563451985998132,0.0226961051930643,-0.00182518106026218,-0.00376376404840235,0.00298116794982787,-0.00293208069774988,-0.00317325056210256,0.00423731020020361,-0.00349754459653589,-0.000591911340635623,-0.00290310429778103,0.00318186287530688,-0.00169466047282539,-0.000419336855560152,-0.000234141451900799,0.000402319588708252,-0.00646582956818489,-0.00153783134590476,0.00410793220871485,-0.00456502308538333,0.0210112312874713,0.00342112882615886,-0.009733797289278,-0.0124481611151855,-0.00854943791116751,-0.0153124580474717,0.0125426082099152,0.00188882200735421,-0.000479467112773461,0.0234794504627021,-0.0241690031202767,-0.0120594039540125,-0.0222014330401924,-0.0143145047143968,0.0334539969249304,-0.0277402421051909,0.034265625549028,0.0137357698022393,0.0153024975014832,-0.166521114416837,0.0312376366474955,0.194270270636675,-0.0704555328252725,0.0395670724717772,0.0471937307798889,0.0517219205266053,0.0324264799362912,0.152601305101892,0.0159243342081086,0.0087148488260371,0.63760362785382,-0.264015972893479,0.0851898963117692,-0.0650461891890632,-0.0216756926186169,-0.0151529503829257,-0.000526676797802966,-0.0011319393786758,-0.000902073862512037,0.000166827200805395,-0.000223471004821341
Give_Way,0.000247175945389238,0.0020955178949819,-0.0308265088498686,0.080871719034689,0.0198382253205741,-0.0110922358091299,-0.0496799071427765,-0.0136146846813445,0.0282724753049942,-0.00873904994774764,0.0342061747508257,0.0542350028674369,-0.0378868092196825,-0.0288731613983742,0.0890767321796098,0.0142785516106048,-0.138358509994309,-0.0920265150899102,0.0124815370321973,-0.142266869663207,-0.307335308015705,0.011860503937672,-0.0087125136602693,0.012308772675153,-0.234347162277346,0.218359327794114,0.0210427843627962,0.0911461447416376,0.121654884472131,0.0916986602675606,-0.0307713984270394,-0.0138352033458228,0.0594197945940663,-0.0354077946275342,-0.0698474524956655,0.0723700925766978,-0.00155309323032607,-0.0166309454811491,0.0846165216247218,-0.00236004051921633,-0.0313876223293134,-0.0578896665377308,0.0360182132610665,-0.0699890049041789,-0.0336131146178928,0.00154211538500613,-0.0425579196585326,0.0156911706188163,-0.00331940728795394,-0.00036049875073894,0.00071903523951575,-0.0131969099964052,0.00242005338608687,-0.00714437635922921,0.00157819029911507,0.0240324985246504,-0.00334173073347584,0.00411688398449039,-0.0058149034315626,-0.00576256784560122,0.00403869552496404,0.00397345666416694,-0.00212980168899256,-0.000392551862440899,0.00416678029639275,-0.00416531649671399,-0.0061107194415408,-0.00927440673528337,-0.0268547887789902,-0.0144052779400058,0.0407136155595533,-0.00933152761489191,-0.00514628141689763,0.0310275643089914,0.021672968784407,-0.0011241095398049,-0.000667085147873985,0.0160917678113283,0.0190807781219094,-0.0254788430240257,0.0769150955058051,-0.0614711847730331,0.0564196015013297,0.0881668634551761,0.204586862991171,-0.189665884243782,0.213547008177475,-0.512394196183056,0.455629282152212,-0.125174132382226,-0.106492712458871,-0.00148409540866873,-0.0337308477545948,0.0331913978148867,-0.0767369659493647,0.010225911483825,-0.0575282943270184,-0.00153110922111319,-0.00271493069933138,0.00451016771494876,-0.000187284324193682,0.000547139830838005,0.00239911405378496,0.00261495552496219,0.000837400994608446,-0.000798309151283504,5.21783370765437e-05,0.000758663060612952,0.00042882141099701,0.000357446181645127
Junction,-0.0210073511019264,-0.0329302386003629,0.176391645368817,-0.184912639951479,0.0486641318974349,-0.0634736289122337,0.0958491120490385,0.00944374318645463,-0.0350236211627996,-0.0174998761979114,0.0377831239367387,-0.0420885953958469,-0.0395532600918862,0.0581488714518257,0.0576957961123342,-0.0523167236906975,0.0233655267853945,-0.0489840235988568,0.0389093446284897,-0.0597141469548542,-0.277916676747771,0.0294671924319677,0.0455313823697412,-0.0242785145210328,-0.141962891502903,0.177887947546425,0.00378929194292414,0.0893311377233274,-0.0677063202672999,0.00260738014710123,0.0679385532284868,0.016367461716509,-0.0548999246562824,-0.0835832286524586,-0.00509848465017108,-0.0623277480779491,0.01785654283312,0.0428145160051161,-0.0226978982918792,0.0272400386614467,0.0174632511140463,0.0144494620967955,-0.0127170016317009,0.0474704169581573,0.0130051573938184,0.00108863605041968,0.023302940700876,-0.00950953945582076,0.002243225699614,-0.00257140844819785,0.00133327434714355,0.00548169495660546,-0.00714160058220614,0.0048524513396089,0.000250833942786702,-0.0148074613091659,0.00173094104661726,-0.00404608704596078,-0.000721155897914666,0.00185386407019826,-0.00256449122402789,-0.00060941043899427,0.000694277835978178,-4.31794270416793e-05,0.00029769738862504,0.000517333125842404,0.00886496388921989,0.00301846095505773,0.0103730709428242,0.00689850187796105,-0.0123946206295078,0.000470385221144822,-0.00280165418632509,-0.00748696053141347,0.00932520520076215,0.00242844761140486,0.00331804627521624,-0.00913914221317631,0.0279051071393736,-0.00651591329676263,-0.0442964541663112,0.00511527728953583,-0.0589824083175246,0.0131075423689002,-0.135725103267196,0.0897071136993762,0.00949985490458349,-0.0297168345181136,-0.256765923097342,0.112153065015031,0.215945705895005,-0.0707034004414063,0.0131988908194514,0.397886457819619,-0.598293663496722,0.194281991433094,0.0440290339639236,-0.0197010105293352,-0.00999665764392765,-0.0110805576323289,0.011062573314747,0.0229660352339036,0.00835593947156074,0.00864191493776934,0.00603988835491498,-7.12473497209154e-05,0.00312739851383987,-0.00123992375143805,0.000645252200303714,4.57550960211717e-05
No_Exit,0.00563234672408224,0.0202857492121319,-0.0240016468536362,0.069381424586985,-0.0330551057340682,-0.0211667270342058,0.00559608269177318,-0.0149909712331564,-0.0629803351469119,-0.0126469425652793,0.0217769879184452,-0.165029459229561,0.109117536063727,0.112362555930526,-0.0306248162823823,-0.136497656577436,0.26536680413296,0.0707679740720383,0.0285652149125204,0.0377144369364676,-0.151820423899577,0.162707742369228,0.0532820978839007,-0.00953559607961721,-0.0076066489670671,0.0844609444673384,0.105003964810413,-0.00466051732929489,-0.274829957237885,-0.269906457877699,-0.0368044881237147,-0.0507203960385714,0.138147954080959,0.153997867268205,-0.0181980813858558,0.000195030793941895,0.0415021024130928,0.0447058832682296,0.052008134398677,0.0112966094826068,0.0569504274719832,0.0127876885634799,-0.00111256447842018,-0.0142708230714984,0.00516419944105403,-0.000877712464759856,-0.0154607190165572,-0.0154299646592607,0.00824425099377998,0.00139170357741415,-0.0283090420991242,0.00983173566647966,-0.0118011867817795,0.000337110633320605,0.00676629570894747,0.00473038435339437,0.00321258511751727,0.0030215518581739,-0.00431507603962178,-0.00341495934080558,-0.00144731186048268,0.00147901529282754,0.00127962170843499,-0.00066348105570352,0.00131674208434838,-0.00100892878803824,0.0121140053941367,-0.00248027202910715,0.00692592048589819,0.0247330080175447,0.0155838572776945,-0.012494251535289,-0.0672757831009216,-0.00833965094464695,-0.0601709522613883,0.0291970936244886,0.0160318417098743,0.0544420470382488,-0.0112289107615527,0.0307899994590982,0.0103425649491605,0.0583318243286985,-0.00584525819706003,0.00313972807259787,0.0044342022610938,0.0219339009336496,0.143908512315161,-0.166646535599395,-0.284341486874871,0.020022939669849,-0.606488771448591,0.188285515183359,-0.0662383531057855,0.048640481310212,0.0263066866769477,-0.0180064147214992,-0.0295467641197158,0.00192906445957414,-0.00143473543629691,-0.0126893879822915,0.0149148236579925,0.00435017344810479,0.0021629937395905,0.00203622456950114,0.00415572934666572,-0.00336194925651348,0.000772576750754827,0.000998051068370379,0.000305128914646055,0.000157848612844597
Railway,0.0018639285580362,0.0125743903443145,-0.0544161616644067,0.111541169545159,-0.00242267314510947,-0.0004803147212116,-0.0732581826157638,-0.00356169565137902,-0.00520747338239203,-0.013892102007244,-0.0242888775419851,0.0458382881896468,-0.00203857854672927,-0.036151341086368,0.0423124643679419,-0.0528410474059171,-0.0651812798950872,-0.073062990220834,0.00445850393597068,-0.0814537915328515,-0.179745498364662,-0.0186985861569538,0.010249981544896,-0.0152387090598735,-0.111517158955399,0.142511831104626,-0.027356674718578,0.04820609073264,0.0815985769430139,-0.0268319575330521,0.163870889952904,0.131182483402891,-0.264602154603616,0.137911904637295,0.274967979840395,0.0470144062085313,-0.178990507104928,-0.0350451487315219,-0.154265152354449,-0.116613745725876,0.0122859340192718,-0.0530703496852383,-0.0760096586525137,0.054052977571626,-0.0378440673611654,-0.00324924893142026,0.0355476797328205,-0.0375591437212064,-0.00589228373607145,0.00887323686497832,-0.00866723254537212,0.000275618838874746,-0.000947188924283553,-0.00212471560547723,0.000815004525006857,0.00341068830871767,0.0157588694929046,-0.00335006824433237,-8.03383250749883e-05,0.00959109795312491,0.00675063819987683,-0.00316227195295434,-0.00127513281767167,0.000124919314470101,-0.00138365571086754,-0.00876268525490638,-0.00358789582762005,0.0165734821325127,-0.00768763741605861,0.0215676981561574,-0.0568205544828915,0.0133821867556617,0.0968347113004532,-0.0655233316881697,0.0525710935845687,0.110928599809413,0.0827109300727636,0.00971436981163911,0.203042481601151,-0.150110201065882,-0.116683142158785,-0.0510862699845142,-0.00895597950193409,0.191091378050851,-0.454146013131261,0.0929257696856067,-0.152588421294455,0.172777119061789,0.160075513886613,-0.0361013005875824,-0.262684819150889,0.0765194318561497,0.0103280238499822,-0.183335882894964,-0.0524270242410663,-0.0045237153618275,-0.071351041827466,-0.00499004904488447,-0.00920448932346063,-0.0990016638091165,0.0425915172600872,-0.0117006186006209,0.00437908296550005,0.00416305389991301,0.000463688329299182,-5.30860869444316e-05,-0.000241150612800285,0.00127389715860341,0.000332838921230306,-0.000359951073469714
Roundabout,-0.00170552029871185,0.00157703130539461,0.00956122264520138,-0.00954364600501584,0.00562020358055243,-0.0079770941848519,0.00455201789082825,-0.00334373536230576,0.00192348761564592,-0.00634371559655379,0.0262865274096478,-0.00197943744355983,-0.0243944916223792,0.0284566981418136,0.0461733540381614,-0.0303080777599399,-0.0351907286319281,-0.0620278767973084,-0.002565202145179,-0.094104241383285,-0.310660124971157,0.0333350335176128,0.0784847636611972,-0.0378323727577292,-0.219262620179055,0.286424018580528,0.0252344948206515,0.126916253446342,-0.0328789020809085,0.100257217011783,-0.0376558805688383,0.0493055041405725,-0.0320556600753495,-0.442864732588962,-0.237841815034281,-0.0462928229701697,0.0909925642609747,0.0525289743585027,0.0911217949494059,0.00181535794254321,0.0302903850170535,-0.0445604508408868,0.0254896359642415,-0.00372584937569422,-0.0159864400079243,0.0363716845731684,0.0199101006893846,0.0729133137141256,0.046810171200274,-0.0241970001985347,-0.0025676691166089,0.00158013024476081,-0.0370106783194841,-0.0474922772290618,-0.010583051838792,0.0319483511343207,0.00360356106069115,0.0366994378808893,-0.0118113948204463,-0.00144504350068343,0.0112113642777564,0.00604324569426951,-0.0105498507583922,0.00549554012745501,0.0131457328808408,0.00129060522376478,0.0461196450866976,-0.0519395966084149,-0.00588937436874285,-0.0877318810821461,-0.0240162608075463,0.0271159691124645,-0.0647128813880099,0.0795214007460553,-0.0316284996746901,-0.107251451914384,0.0290337149036078,-0.0825772875190874,-0.189327624630265,0.131958590907528,0.00479035581884244,0.137977423503329,-0.0552540430931095,-0.102577125451521,0.0373100996864631,0.052805625933758,-0.205205864295412,0.376334054616019,-0.038657066411672,-0.0177791276296009,-0.113515082800968,0.0281747915744227,-0.0214642877625213,-0.157536708192906,0.234307319197773,-0.0582806461268969,0.0199157801363042,0.00467042174552423,-0.00144433721846754,-0.00554825385150476,0.00186037311906642,-0.00366328989605158,0.00026484366833146,-0.000340888426516505,-0.00219057758565998,-2.09935446884302e-05,0.00029227719414765,-7.4204150169602e-05,-0.000282872176779678,9.0355696121848e-05
Station,0.0347514224005834,0.0711073782806943,-0.0886123140162875,0.172526945360948,-0.0975542290473098,0.0360710508203077,-0.0691996826843395,-0.00189121604006867,-0.134828243257665,-0.0121495187773801,-0.0898140240421881,-0.17871176041762,0.090153685590277,0.0439794522117425,-0.0676255640542752,-0.0766404974403675,0.18741898151015,0.0599240117266669,-0.0429640879979335,0.097943799904416,0.0703101793512832,-0.067670184230916,0.112937996522142,-0.0345630896143756,0.0418403344141665,-0.0596783097510278,-0.0091217730768923,-0.0154252326849639,-0.00292841790800583,0.0506011192914563,0.0417896927681059,0.090102695000845,-0.175210076556893,-0.167130650424372,0.0316944507684155,-0.00510301796212087,0.0101067336762826,0.0521285600722937,-0.00191776463960697,-0.0415217405205864,-0.0228317942009435,-0.0384408895046828,-0.00128441786742436,0.042384782480182,-0.0190440420429276,0.00511777053962006,-0.00372128410469146,0.00186407555559685,-0.007627221323951,-0.0120262762596098,-0.00538004908093032,-0.015944137352664,0.00862597225626456,0.00976575434946253,0.00551184499953621,-0.00201606866076045,0.0042999016371607,-0.0110996497616502,-0.0071768224357792,-0.003462545887639,0.00485085922516422,0.00452494639977342,0.000208230290217922,-0.000394501907067975,0.00644614928415656,-0.00876236123811178,0.00401443498765414,-0.0114251903723689,0.012263442883746,-0.0136662100330757,-0.0333388292671458,0.00170024364158764,0.0215367706053805,0.0576058249372647,0.0504788998137994,-0.0385251822855387,0.0170300002760185,-0.0583958524592291,0.0176625587659735,0.0069265140322768,0.0021597040976421,0.0595107488740619,-0.0332441716241619,-0.0776863892526285,-0.0956742189169068,0.0056386245822158,-0.0632729934398277,0.0136344375523826,0.289257793952561,-0.133971250666669,0.00774005032905823,0.0207083656461609,-0.310922358720014,0.630201347411623,0.126086611326324,-0.190624878702619,0.0822576439748314,0.0202324572329527,-0.0136351046315358,-0.0676397768717557,0.0474512471548949,0.0212121685470156,0.00152326397439159,0.00503522368470988,0.00982692044136956,-0.00327738632708618,-0.00158853893808802,0.00479478011441908,-0.00100208043487351,0.000296387459697293
Stop,0.00893744398986788,0.0418186513126394,-0.0915993243643413,0.185292541432337,-0.0949801175537106,-0.0661150795516591,0.0871368556327486,-0.0259825364454331,-0.072278702297321,-0.0120514829980526,-0.0186310703903549,-0.205515413886014,0.148021325841024,0.129159049131381,-0.0438906026445339,-0.0814305501912952,0.265462472060235,0.0957707123080781,0.0285185534905024,0.0388626046138638,-0.139838051562841,0.174934138188923,0.0522833485276404,0.00972164180438105,-0.00222419639315337,0.148319414166522,0.0742059015146197,0.0166819801829597,-0.183286064527342,-0.252676101586991,-0.046183602212375,-0.0311574932507246,0.112155944812531,0.0899028388628529,0.0235295373256826,0.0637483102718157,0.000378063929273836,-0.0227478958513737,-0.00148249565496204,0.0189418357641491,-0.0177972327268627,0.0277143397141673,0.0225404718921123,-0.0502210437498277,-0.0303771944534601,-0.00254710380665124,0.0256480825336203,-0.000914382123082092,-0.00534982268746852,0.00532759251587294,0.0776978615984243,0.00207183975802085,-0.00751518619252569,0.0113084966450076,0.00327473596781078,-0.0156587878186731,-0.0232606826792436,0.00410227369425245,0.0118469910625485,0.00783306036067016,0.0102330432976926,0.000301107071417353,-0.00420960805757468,0.00324312179071193,0.00514486300578245,0.000739543820093306,-0.00685501814777028,-0.00802952086811454,0.0224576032478913,0.0797398893153899,0.0552323630330261,-0.0110648744206622,-0.103218090621521,0.0130826802502339,-0.105206436453883,0.0530980840277017,-0.0306344511943165,0.0143179468338873,-0.0125677971017581,-0.042115674978314,-0.0183073377455548,-0.0573270692957673,-0.0558439640624921,0.0239464095181122,0.0338377574072603,0.0369031806381551,-0.0992210553492282,0.0651708846977316,0.252194532396802,-0.0858197092278302,0.437965260240296,-0.208949655039643,0.106847121329982,-0.245895495251024,-0.0571236088542792,-0.0379117995846374,-0.0371309295030847,-0.0186373251942167,0.00937544800084644,-0.235788687140777,0.17859127020868,-0.0260338329225239,0.0320836603307759,0.0114780846999249,0.00820162665645893,-0.000657718745874281,-0.00130327348873283,0.000395970964855392,0.000673314813111933,0.000361287610777505
Traffic_Calming,0.0028197402388373,0.0238891363869214,-0.0678150935324261,0.246601918353382,-0.109688333661302,-0.322978944685192,0.547860750790719,0.0218418329917693,0.0314974128427504,-0.00274589561249297,-0.00265178655072114,0.0405020762842123,-0.0330546356889419,-0.0269044801093707,0.00620960695829538,0.00815846506670914,-0.0449250124785124,-0.0140758767977875,0.00187411467648841,-0.00603889088657705,0.0212085366493897,-0.0200588093790671,-0.0103767793194034,-0.00338857740443142,0.00298841656090462,-0.012544656193068,-0.011844914831963,6.88022058668737e-05,0.0174834218844955,0.0188237548024052,0.00387986928186056,0.00626620979800305,-0.0140666036400559,-0.0132921639204495,-0.000816426156726733,-0.00770804895181057,2.54213863751423e-05,0.00326890055260539,0.000201888086794479,-0.00399221980000087,-0.00011533461208836,-0.00315885992288296,-0.00213779711767606,0.00781939138923939,0.00429637610135689,0.000722116936011364,-0.00176059724451565,0.000901045793529635,0.000802613815617909,-0.00179286074653572,-0.00652989937776108,-0.000671294360068513,0.000193114213226001,-0.0016366516570071,-0.000271745067408676,0.00149623885059218,0.00242478138501679,-0.000399940513660549,-0.00173467942733711,-0.000871886980871446,-0.000615201852118755,0.000210367021768989,0.000324160097026064,-0.000301356225139434,-0.000194524061465892,-0.000594796590937879,0.000829269896736538,0.000458079492316169,-0.00270922655898297,-0.00821371646940788,-0.00583715740378266,0.000305128553170228,0.0102971098154963,0.000258292912455239,0.00905796785046491,-0.00751546639938287,0.00398490728959898,-0.00572461780266084,0.0011998525027793,0.00365978336605291,0.000698926869322048,0.00851091616537964,0.00510877070911614,-0.000956398701891365,-0.00796185814562397,-0.00160031692727896,0.00999734907847515,-0.0106258636547097,-0.0207560383963998,0.000668501693026499,-0.0253166010096921,0.00858417647877683,-0.0110186877344187,0.0203387914211893,0.00595909439213958,-0.00341489027123451,0.00630313353827643,0.00338259450351111,-0.0023276491386294,-0.304139029424584,-0.641360659271203,0.0291372956990985,-0.0175823958421226,0.000215259630311826,0.00310341335429583,0.000250970372359563,0.000678122976792428,0.000377604041677397,-0.000719388556715966,0.000370278021440511
Traffic_Signal,0.00693951761099548,0.00359206658783538,-0.180481858827645,0.432886081969057,0.162727320595591,-0.0113815350511414,-0.230227062731403,-0.0521140775095632,0.137241060799371,0.0142091581627032,0.0592678725869725,0.113809147201358,-0.0754856262792646,-0.0605883393069721,0.0621792533621296,0.0443889419374855,-0.159374708490475,-0.0702580063537951,0.0136295795487051,-0.0508993832384753,-0.0526238742207422,-0.0242665669341268,-0.0370455609646393,-0.00770743698322294,-0.0397957985530627,-0.0143561724722383,-0.00742040610059093,0.00920804751370594,0.0486506099529952,0.0667223944923707,0.00137404527317747,-0.0457322253576744,0.0516110819066273,0.0458614714571418,-0.0129360491316692,-0.0361603415624953,0.0207790866897195,0.00913648000912836,-0.00700888195768104,0.0382051746927423,0.00661565652871077,0.0316152075328138,-0.00819331046684878,0.0212476984713818,0.0414986213205325,0.00864007897011181,0.00135437657425189,0.00408831839693633,-0.00665439711650067,-0.00928416189464875,-0.00659962263125907,0.000884208025355597,-0.00320755289708238,-0.00401139245258057,-0.00314864088210747,0.00701613645703378,0.0062966231678959,-0.00913364816569822,-0.00707729761434503,-0.00232434417292082,-0.000799289672711265,0.000424453584862411,0.00170109840874324,-0.00228641283591966,-0.00183108710477943,-0.0070313583660509,-0.0046739800680992,0.0096294391679538,-0.0184014579474657,-0.00905726297979928,-0.000132587085168102,-0.00890584620959826,0.0212686170469664,-0.0251270095867362,0.00230985405956423,-0.0152140912560674,-0.013486789083725,0.00570101580416329,-0.00132388571690187,0.0122102888715652,0.0184740454252223,-0.0101866925108079,0.0188839828176521,-0.00145647288887485,0.0471081874917147,0.0126844796885155,0.0870684758867163,-0.0231700333765364,-0.32691185149923,0.105191310924325,0.0741834807242626,0.00907237490577106,0.000250598652417132,0.129940249986161,0.088752824706003,-0.00848435476050871,0.164480115231731,-0.00788590379818532,0.0115596945879456,-0.554796896386115,0.274569248955416,-0.0827748458535499,0.0778048598311148,0.00661130551598441,0.0107536266822363,-0.00714085103285836,0.00250760237411579,-0.0229470161259469,0.00224833524661094,-3.60914295578808e-05
Sunrise_Sunset,0.42680654645155,-0.129331888395198,-0.113562126766662,-0.0542962929523627,0.0284274359143197,0.0300126249595951,0.0371381035118862,0.032561158558325,0.0027185267860832,-0.00480453623703353,0.0067559726449053,-0.00244559788373545,0.0093517420435637,0.0143657227632661,-0.000414995547818863,0.00107413850377878,0.00844487110056777,-0.00434957898851882,-0.000857555746784568,-0.00888780874259125,-0.00351378296093748,-0.00131094730485386,7.30820650530345e-05,0.00247885064781202,-0.00561833636081265,0.00605103804063578,-0.000591272859890355,0.00286328959422561,-0.00339586094596418,-0.0015565872667118,0.000700385489894456,0.00138885370806819,-0.00361233791201358,-0.00386275567072607,0.00454274850344864,0.00360810547883185,-0.00316935958892971,0.000549502081861605,0.002720472393338,-0.0035680314697192,0.00393557371881836,-0.00152115567379167,0.00218810979274734,-4.7817285123817e-05,0.000571926544564411,-0.00062082420923387,0.00158495371952971,-0.000466035240691167,-0.000484202589520151,0.00170899488781091,0.000367224213015597,-0.000744282989966814,0.000704311201162558,0.00166339990685677,-0.000752123494555214,-8.28106073360267e-06,-0.00155867347210342,-0.00268368991379302,-0.00174991192603887,-0.000928760765620338,-0.000747321499526421,0.00197980929436577,0.000490825156376469,0.000968999132612829,0.00125024157366101,0.00100523809684662,-0.00298542347391501,-0.000669669404400441,-0.0018926328211255,-0.00111904872081218,-0.00198966333047946,0.00151432297456832,0.000948826876157701,-0.00201302763254524,0.00101305093575181,0.000558122193132046,-0.00330892795795285,0.000629527831117766,0.000765519198465488,-0.00161612348127906,-0.00283660308567432,0.000760794838053663,6.98428353458997e-05,-0.00566963192623582,-0.00882748167351919,-0.00596416773831063,-0.00188937946404709,-0.00476567035649138,0.00155588965949394,0.00255253077973486,0.0051242053767205,0.00525634650622814,-0.00683098981245892,-0.00113631423069274,-0.00195126377532147,0.0264014590984535,0.0113146010082559,-0.0212952415266481,0.00837525814744829,0.013994223597642,-0.0118136225014931,-0.117801234337643,0.0738614959937318,-0.41882876032993,0.454238754212589,0.0144279068623444,0.521449993949549,-0.0251955028610506,-0.323164064453481,0.00410998180486379
Civil_Twilight,0.437537079964767,-0.164832700042417,-0.140586265477918,-0.059752093244205,0.0510809490868862,0.0370434884866173,0.0456113064946814,0.0546809765313586,0.00139368537742252,-0.00512059249874181,0.0235120604282699,-0.000687135103135884,0.00209698286777645,0.0196679251308162,-0.00363241070397157,0.00344268404158908,0.0114006769775173,4.91360714368408e-05,0.0028398662678333,-0.0102592197438357,-0.00397000115159085,-0.00234692207777414,-0.00204468087853073,0.00454019734883135,-0.00547062020234777,0.00754961158878623,-0.000891606414677011,0.00501876120445079,-0.00182133010204232,-0.00123974963562286,-0.00054173392379144,0.00439507406258664,0.000122179663234183,-0.00519318840075506,0.00528437518674008,-0.000233036806842377,1.91642431508869e-05,-0.00255962449677009,-0.00142708813715273,-0.00359837238988376,0.00351001948133151,-0.000169516713363379,0.00247331547459489,0.00139354434740851,-0.00111703625005728,-0.00301268147819783,0.00161738510279333,0.000246896125003948,-1.84432758472027e-05,0.0011501645655621,0.000313535641774771,-0.00143853209917588,0.00105498172994926,0.00189475563156305,-0.000521564833795656,-0.000590762486162683,-0.000495823120536871,-0.000976549393797349,-0.00185547863530059,-0.000534484825621035,-0.00106745642003482,0.0016562049760416,-0.00114830202853314,-0.000234438238522372,0.00101724125002952,0.000320706412198361,-0.00183487854935826,-0.00125532098525103,-0.0014540061481089,-0.00125974576666005,-0.00114021466606454,0.00244199644938679,0.001650144992177,-0.00379673979491008,0.00196943308704557,0.00183381834714639,-0.00142195845772354,0.00320572421531302,0.000694410728809373,-0.000897184297850552,-0.00518267982387027,-0.00156731461783161,-0.000255763855004533,-0.0124676613238092,-0.0128941550834679,-0.0136880010151131,-0.00277937769365439,-0.00721607529616899,-0.00196857376056774,0.00191170416890347,0.00509123422505494,0.00780454967750888,-0.00426130296599729,-0.00208332596472908,-0.00327786688253803,0.0149401420459602,0.0168845223298695,-0.0115446643505861,0.00730444434428151,-0.00315562429505983,0.000933503758508737,0.014595048343266,0.0253219828202499,-0.230583923638259,0.245200422059707,0.0133405455298172,-0.440028840989533,0.0777268927675837,0.657245094123558,-0.00157115257705076
Nautical_Twilight,0.430115535297828,-0.182235786891322,-0.153263060122476,-0.0599400019349317,0.0652289532108715,0.039964030053234,0.0494859637758967,0.068358561889848,0.00193627730817131,-0.00578636345304502,0.0325562255293068,-7.43996219125798e-05,-0.000460656787635905,0.0212960437187139,-0.00730696367736048,0.0053596064886025,0.0126312037787961,0.00399633994556868,0.00505528695780322,-0.0120517638002497,-0.00440083803541169,-0.00144251880241536,-0.00425416573251386,0.0058852183692013,-0.00481605713804456,0.00842001862074666,-0.00111125187319271,0.0052702002195316,0.0006486367631479,-0.000983498520404552,-0.00383823414662897,0.00589196649852545,0.00513558371602396,-0.00520323720931193,0.0070193383223148,-0.00152860521180173,0.00155239688395056,-0.00291022185108231,-0.00438599306470439,-0.00410123533611153,0.0031516347026667,0.00224066568246389,0.00282486212972723,0.000695201150542761,-0.0016171323893515,-0.00461834840107334,0.00151224831361673,-0.000455389751118272,5.56109236383544e-05,-0.000417660404066891,-0.000758673794127826,0.00047115486698103,0.000476471027678166,0.00208239712348866,-0.000296183923905163,9.67686897547439e-05,-0.000349862493401456,0.00118689376768493,-0.00172053404332452,-0.000188626252730973,-0.00254636197497629,0.00125890808140354,0.000702357147082268,-0.000326696535382048,0.00252873837715153,0.000324672236463973,-0.000462471921793397,-0.00292233000387349,-0.00140438019292459,-0.00078479110559972,0.000988271139990403,0.00379192587090663,0.00188090944273568,-0.00520201249251583,0.00288514961717808,0.00251897082011838,-0.000785847910491671,0.0048030645299159,0.00117836841820117,-0.00150911618867976,-0.00568024336000778,-0.00383439503902576,-0.000467654540756911,-0.0163164513152937,-0.0163708430094061,-0.0203498287317822,-0.00301209544034655,-0.00842711370873402,-0.00416118732271571,-0.000468597654022407,0.00464167327460076,0.00896958212107787,0.000391585249850446,-0.0019807047622574,-0.000273575537815735,0.010609670870724,0.0196969799579757,1.67102050399603e-05,0.00739572770114533,-0.0225339090013169,0.019107464806716,0.170315071852214,-0.0484707478933375,0.153686890011681,-0.172498240594142,0.00367851454360697,-0.518682593425034,-0.0733360341239508,-0.614327120614295,0.000499793604566701
Astronomical_Twilight,0.404742073545818,-0.179536611551688,-0.147748664462842,-0.0548115017481334,0.0671741072711955,0.0363189124272881,0.0464611719368577,0.0668687302508963,0.00336894974544671,-0.00630324766756327,0.0316710353767812,-0.000125624916568104,0.00249934223082168,0.0181924986836194,-0.0109167171849317,0.00677296670812431,0.0128149175566892,0.00803893338227573,0.00392807470208275,-0.0112144621416473,-0.00156544882445235,-0.00111720833578111,-0.00345802975077331,0.00722541575774403,-0.0035369323766988,0.00700901195755212,0.000285128617145723,0.00452396727771158,0.0046336976543185,-0.00193685848378765,-0.00561167488406562,0.00730787717512225,0.0069714965256656,-0.00628997519974399,0.0077443195228267,-0.00292148255218026,0.00264743301202321,-0.00365322556119964,-0.00557474686548457,-0.00306070856595252,0.00193940390617763,0.00422203994500893,0.00307808063368473,0.00233163294100301,-0.002228092392056,-0.0049584631416248,0.0024992607422971,0.000356684673148608,-5.14114934907065e-05,-0.00066842607797234,-0.0004198822980675,-0.000809767014681859,0.000160581892679314,0.001988877021079,0.000829224084690289,0.000206294145736153,-0.00126134822225222,0.00311292813804459,-0.00175840938595281,-2.94797282848599e-05,-0.00266744105882754,0.000734022332380719,0.000853734086878056,-0.000377590101954552,0.00197138970236739,0.000731031842166339,0.00162417002711948,-0.00272072122641188,-0.00125668614345396,0.000446839944917277,0.00219302641704209,0.00337216746768805,0.00169550959135385,-0.00536696013755243,0.00277903583428032,0.0024999282379244,0.000515315311459354,0.00315096868208497,-0.000277939283894788,-0.000840469197200634,-0.00691796287780938,-0.00534261751313746,-0.000350236017181206,-0.0164311478434112,-0.0161361157231969,-0.0237395797821855,-0.00289188894555488,-0.00692239145238416,-0.00209238010812435,-0.00379917730292448,0.00241500935311491,0.00775556602573679,0.00437965040387424,-0.00171289734693028,0.00397762917088156,0.0121482765700389,0.0223747632508463,0.010470337488773,0.00561232138091143,-0.0317856607926852,0.0274910400413956,0.245863394333766,-0.0964365552451469,0.39734765156843,-0.440941677473957,-0.01175146403772,0.513491567379175,0.0164987963103478,0.272031433250061,-0.00266849027182966
Duration_Min,-0.00520752373989932,0.0126678963545445,-0.0052543123754713,-0.00289793304519519,-0.0155468875684252,0.00776260731224604,0.00626865531869807,0.0199724451347885,-0.0245791298705753,0.000932198888425106,0.007017988337992,-0.00807926895446284,-0.0589580079130276,0.0343351545660319,0.0138371575182525,-0.0396688779198347,0.0317502299732942,-0.0179704150160057,0.052515291286403,0.0648739765574869,-0.0134477730510049,-0.0234351497625549,-0.0144406799763227,0.0197546048150417,-0.0268211419058912,0.0391322622434205,0.0342153834446182,0.0709654196319735,-0.0711431604317684,-0.156909479676669,0.160418260857003,0.20849008901036,-0.466853932397586,0.00353173530421389,0.101575671573331,0.0906984618508366,-0.13686563829602,-0.182505705616822,-0.0786551488381728,0.167272272708281,-0.0682193009621413,0.0855476873141902,0.0926340493245368,-0.0655604403780432,0.064921213204622,-0.0154167265479336,-0.0176770761754607,0.0304761536873937,-0.00854341968194317,-0.0121942472354144,-0.0368453337990403,-0.000312035076971161,-0.0201735989269648,0.00818601953605877,0.0132241736626684,0.00263563328931825,0.00599683804791312,0.00086157801638812,-0.0116083426796173,-0.00733945839973782,0.00728227308396057,0.00285726931028725,0.00180080450300664,-0.00289052736079259,0.00266736364399065,-0.00902739845766689,0.0417579864551393,0.0144748244550733,-0.00776116366997661,0.0232505447611738,0.00395019835608351,-0.0448296884241075,0.121244829531411,0.0521513754511558,0.0519527513714703,0.227901444677029,0.127757666261049,-0.158709360699823,0.0543646905557472,0.0457196784740938,-0.189946705878312,0.100415311463582,0.108049591648513,-0.158763172572826,0.501610666072977,-0.196479542082351,0.0218159271341725,0.0379677579895693,-0.118915050580505,-0.0385322582624658,-0.00552912352916844,-0.0214174580411072,0.0304137852096277,-0.0292217249100115,-0.00260045102021678,0.0385074113574538,0.0260109737938146,-0.00210589087378071,0.00520108649204859,-0.0115253457923627,0.0108390416535,0.014481550648151,-0.00953794072742779,-0.00413742839073398,0.00302389822967927,0.000180837509119222,0.000782190371268671,0.00143724074611309,-0.00131960630091293,4.45489464699554e-05
Start_Hour,0.100829612479832,0.219007164082701,0.190216003040944,0.0131390488110287,-0.21323907604899,0.00292401387221868,-0.0291381418449492,-0.197663187216319,0.130245431236227,-0.023981174754577,-0.239569398823475,0.0164035313370408,0.242698092364815,-0.111372623883806,-0.051026408246987,-5.90328822011321e-05,0.0309128938362295,0.0311284607453792,-0.0618485965326128,-0.00759055663826358,0.00177172740295083,0.0313775559634514,0.0263483528288422,0.00469889730180136,-0.0475422219287966,-0.000124294415586833,0.0148899334468417,-0.0236805259178495,0.0732942370166941,0.0837437061573282,-0.0646562676533238,-0.0330385300520629,0.0283538312862661,-0.0183741915028376,0.0573848884094326,0.0438138986520365,-0.0459254026095768,0.0202530356451623,0.0129828571840797,0.00447106164671621,-0.0131880684267784,0.00473409468277883,0.00871566269662296,0.0114371789225628,0.013234710214816,-0.000971360246536448,-0.00105539533890972,0.00385005136771151,0.00834511720005827,0.00747642842545302,-0.000596607592091379,0.00771166398733002,-0.0100979481262147,-0.00357340984855724,-0.00103669808557799,0.00150326547316875,0.00565964650650043,0.001871917151861,-0.000957887917410365,-0.000646409214189223,0.00244773513110782,-0.000843765687381196,0.000281322229740193,-3.33037085581721e-05,-0.00175376318288418,-0.00253495397128767,0.00622540383919391,-0.000379861798038528,0.000971351819993606,-0.00672624801242856,-0.0107463009102608,-0.012167010188,-0.00827522811183277,-0.0073648963047102,0.00086371325689209,-0.0146850397100921,0.0355687438332324,-0.00729552414100677,-0.00690029599703539,-0.0271747759294198,0.0317516469446611,-0.0407407436830007,0.0237496421504765,0.0401060654389783,0.036238320752297,-0.0655608943385503,-0.0380795913126635,0.0443413842697397,-0.0282476262592436,-0.110271431929167,-0.0695257318783057,-0.0590536043051589,0.0646801753464515,0.051887495750568,0.129932867120326,0.557190653082229,0.0977865888746973,-0.115878264659247,0.149384579165099,-0.104815467522792,0.0667882663305626,0.400206170272851,-0.136321495314642,-0.143233556376404,0.0102047994256479,-0.015798248610428,-0.00273473396932603,0.0151312414781092,-0.00232969113504031,0.00265056202947685
Wind_Direction_CALM,-0.172573520967597,-0.163331229538261,-0.346262900200645,-0.184279636941745,0.0363485154016264,-0.229917384471169,-0.0716848940182805,-0.0129779941920742,-0.110689545439922,-0.0179709568661767,0.0361364259167439,0.107883345829936,-0.0586045820436535,0.0268762506073235,-0.0413493072012427,-0.0218311198794641,0.145660129976595,0.12155175237132,-0.0166740651401,-0.0674958265421092,0.0276102896181731,0.0146821912868899,-0.0328905277216915,0.0780476189948115,-0.0220800187559415,0.0329678053897609,0.00495668996041372,0.000621323661897284,0.0362481010447294,-0.0269035760740788,-0.0226896833083493,0.0596663420877006,-0.0113633492204185,-0.00871996963331199,0.0201857968932225,0.0101893638709224,-0.0132429141292839,0.0375665877459562,0.0323932434633069,-0.0186590721206209,2.28473388116585e-05,0.00556107755702193,0.00506690431830968,0.0136719737815729,0.00104753637934075,0.0107021548788955,-0.00593845687607139,-0.00421725306159856,0.00423949648286974,0.00889320467334361,0.004702193978853,-0.000246199300140543,-0.00797557492032908,0.000313166534781758,-0.000530326453266886,-0.00420279151892844,-0.00667547883323959,0.000408041879515152,-0.000628861309699871,-0.00234884692985277,-0.000723501726858548,0.00129928545153252,-0.000214287848032326,0.000209524346556029,0.0013396667122963,0.00174652294160474,0.00095259839304549,0.00478738919789734,0.00741877707574443,-0.0024673405408931,0.010999311297076,-0.00134644559257213,-0.0225301257386334,0.0209046709758846,-0.00375217572185314,-0.0179026680669905,0.02183754137726,-0.0180032514201927,1.35001995115111e-05,-0.00738927696986689,-0.0268034512580185,0.0139696151116526,-0.0267734536136267,-0.0149919540217732,-0.06120234652113,-0.0652592540641033,-0.00257922388575061,-0.0301558024739417,0.0255754842806248,-0.00129797801663276,0.0734398566821603,0.111749480180275,-0.225512714216801,-0.0307706517026234,0.102871741171373,0.403251647657503,0.0953663802702407,-0.0492989763703989,0.131433115169908,0.0187223584117671,-0.028520677107659,-0.179431408092214,0.324693335179227,-0.194086490396633,-0.288443055274742,0.0382755436087701,-0.00355764234816767,-0.0267363312408108,0.00312982721003342,-0.299936545856404
Wind_Direction_E,0.0339778339432063,0.1179275729189,0.0214897742388189,0.0016954385154718,-0.157307114229477,0.0912750801911583,0.0426703817921881,-0.118920419781706,-0.29300941599713,-0.000102985003771983,0.529799456434243,0.21525436464953,0.361422870521579,-0.0910071114311525,0.336377980288532,-0.048497802736709,0.075749974359564,-0.0345621089572356,-0.0768441215241562,0.00615019741104438,0.0262542378863343,0.030596793410329,0.0102685990196009,0.0120060385732077,0.0175657967585023,-0.0156682333503111,-0.0230982565547031,-0.0150219818211728,0.0648280690725129,0.0592309442199414,0.00499002841162039,-0.0316312066395998,-0.00337167267825895,0.0121566384079446,-0.011421933047154,-0.00966350343697346,0.00637089653230936,-0.0249644933382745,0.0187713073466875,0.0229036819743851,0.0207079604692762,0.00520511635412278,-0.0216330190296421,-0.0124923150254853,-0.00301771776966283,-0.0324297574924623,0.0164710136544406,0.00583172937260895,0.00404770476679451,-0.00521320736389364,-0.0182091665264558,0.00180266244953731,0.00780610514012235,0.00427720090871531,-0.000618404521013909,0.00425363343770592,0.000203867848644743,0.00457103846115861,-0.00837176436684829,-0.00629679104600423,-0.0141576264554615,0.00193725375028504,0.00489529869501012,-0.00178213182835778,-0.00148780916695023,0.00376866527040459,0.00934212742493625,-0.0113523829832379,0.00885880963350416,0.00369145544075634,-0.0209005176690676,0.00366734573656505,-0.0147360291107186,-0.0398122083147582,0.0126117815339243,0.0245761231126852,0.00247790070875328,0.030224482616275,0.0213611515010815,-0.0177287796371645,0.0254204235011155,-0.0380337437509828,-0.0167671455829806,-0.00540048754079193,0.00785005634531351,-0.173717964660395,0.0298669803971079,0.10563119446962,0.0073582782410757,0.0996502223031209,-0.00172469772613225,0.0326296984279741,0.0461927309461309,0.0141559732130788,-0.0453243948485834,-0.094384316828987,0.0591862093486209,0.123871628904854,0.107858050016156,-0.0143548860556628,0.00869000883148555,0.0821012972802192,0.0256145965023351,0.0766905482977967,0.100842927488191,0.000456547514952735,0.00334573170247487,-0.0538568775446068,0.00416726601879296,-0.326998732363788
Wind_Direction_East,0.0277671354203304,-0.0148159039760979,0.137554801294637,0.0637852630748223,0.253018346974493,-0.110198038696993,-0.00979678829905587,-0.157076759834172,0.050753364626643,-0.0521043590567263,-0.0160896192223155,0.170115268345935,0.0531484218939234,0.288416294407367,0.128845807599629,-0.0254378069041206,-0.0720078773545283,0.0942016212266168,-0.180296586843387,0.172851752957173,-0.133245811233143,0.14410851459351,0.0905246919232593,0.0820036205424781,0.114149402724064,-0.182575295059235,-0.0672336270137148,0.0616494971564309,-0.00215523825976957,0.00775214210565284,0.0424560766312104,0.201686272020566,0.102158239822464,-0.0400821933516858,0.0155359981042393,0.0492921000637749,-0.00645223509777654,0.000585863068362742,0.00929823715913894,0.00271940504700817,-0.00288503320166249,0.0112837581839614,0.0193889562538313,0.00855307938945856,-0.0128513299402404,-0.013860754068348,0.01400129937147,-0.000987160456991272,0.0196737738218731,0.000646432128417888,-0.0125246081540058,0.00232709412723685,0.00346283451438862,0.00838276895002828,0.00549234706231603,-0.00356747525008075,-0.00453823317734996,0.00630228736578585,-0.00496661223981203,-0.00375941673415641,-0.0107281105256151,0.00287188733065163,0.00127939667569347,0.000635343125117153,0.00134720678170704,0.00738479179410431,0.00487743729673335,-0.00715632078520175,0.0140744441484829,0.00400753020276223,-0.019934561736245,-0.00780902374310392,-0.039053376622528,0.0114009892525746,0.037962422248052,0.0174430003293304,0.0390112638006926,0.00857947678173963,-0.0973028392953264,-0.0617034823599391,-0.0782080159047757,-0.0445727536640531,0.0422234901689499,0.0161477555319805,-0.000910585341594916,-0.0326721132917939,-0.30430330784718,-0.165157345953574,-0.0524364279890075,-0.163338288874586,0.101330754884394,0.272507182665574,0.0147076623336268,0.0222257025489979,0.0632490184939528,0.0578382606650292,-0.155796393968301,-0.0194440397771906,-0.403312344650589,0.0144825729659977,-0.00126247915835598,0.0657872691577827,-0.0102923272933693,0.020797614685453,0.0515993980043107,-0.0206515593798873,0.00130262771567011,-0.0777818081993378,0.00698287064169712,-0.139932187170713
Wind_Direction_ENE,0.0242526758841563,0.0655240402439285,0.0743681896970094,0.069500359000304,0.0579816617332948,0.0808188009368531,0.0331783490806472,-0.0129575903860465,-0.198216181805374,-0.0666848648385205,-0.155694933458825,0.344153435503467,-0.16172034873193,-0.0150330763238109,-0.622732920043272,-0.0824912353128127,0.228519863463901,-0.232906199523165,-0.0229627441006031,-0.0687205300618347,-0.0665088049473924,-0.066226658091383,0.0257123395939233,-0.127149700285925,0.0214999220130519,0.0565115027352475,0.0103987230603048,0.0353631860575444,0.0293060049510544,0.0167649593881814,-0.0280610720407724,-0.0394565412054993,0.0693319217239394,0.00394299555278641,0.0247614670406604,-0.00432582382590405,-0.0116957570808525,-0.000938596534881944,-0.0267649379373112,-0.0131057317361576,-0.0193903794034678,-0.0173750292062337,0.0356235744299691,0.020542405178988,0.00999169080743131,0.00836288601389247,-0.01679041067648,-0.00530399683057245,-0.0155693542908151,0.0218015000280566,0.0214263734348561,0.000394251477357544,-0.00390724282454923,-0.00427376563884185,-0.00418393148700971,-0.00237409741709861,-0.00468575039156119,-0.0018284581942444,0.0151867895725253,0.0111939729764067,0.0157133982575895,-0.0032909649546786,-0.00555549658921348,0.00303623984315688,-0.00132770013409501,0.000525630737641654,-0.0168827736811655,0.0203462098856337,0.000317051433731454,0.00559822049978449,-0.00131955811224642,-0.01284465817952,-0.0159554715929879,0.0273847067588535,0.00116112441741191,-0.0175073765861057,-0.033594739509617,-0.0252146137580937,0.0300937109260032,0.00577205505401152,0.0375148034184257,-0.0737178825900062,0.00631530669148807,-0.0170451513991362,-0.0124664145790268,-0.236459564005849,-0.0106596384983993,0.0282862788318655,-0.0464889530586079,0.0458807105747339,0.0137656122983387,0.0286130203552887,0.0676201186352779,-0.0162354228392104,-0.0396463325433026,-0.0792139987286613,-0.00156783353754521,0.168839082206663,-0.075866616021591,-0.0108761482221393,0.0099501008173332,0.0543012715339854,-0.0249340539978308,0.0355477652648583,0.0739329625402744,-0.00716104742286075,0.00313553325098892,-0.0645109696984278,0.00492354938723538,-0.270269852491135
Wind_Direction_ESE,0.0489285134599655,0.0566842559806117,0.0631328846343342,0.0354416491835311,-0.0308489043040551,-0.0963578743841831,-0.0355943183821668,-0.101946309518773,-0.187490635238498,-0.00150321696704003,-0.138277776217418,-0.404454659180715,-0.212144566006782,0.190375863164411,0.113360243208141,0.580997284291853,0.145521530623098,0.0184949334515367,-0.077675852069717,-0.224742305862019,-0.0028277363081014,-0.017175672458828,-0.0240611573460743,-0.0239986481186104,0.0317842034722966,0.0533069911023812,0.0131286332276751,-0.0230800652857231,0.160479165228827,0.0848407539692598,-0.0209150074534883,-0.021753870949233,-0.0123080632179394,0.0260108007805872,0.0536513115525794,-0.0225831253508057,0.00164610147349595,-0.0210978931985286,-0.0251213514907089,0.035308334908801,-0.00646115689533263,-0.0343407190166118,0.0212892701960602,-0.0134347920917931,0.0109512015210478,-0.0183356891826263,-0.00489032281138262,0.0156806389669241,0.00250564814748264,-0.00714148066583375,-0.00571238674187702,0.00987025228256437,-0.0132527872052565,-0.00579647337957087,-0.00394724631598992,0.0095889812807726,0.0130449174160513,-0.00434133104066093,0.0038899077701771,0.00913009709793212,0.0111699691397663,-0.00540771832808048,-0.00378869001769553,0.000676931120988262,-0.00303070557995954,-0.00926433892477589,0.00783145969502041,-0.0261618472336793,-0.0266760397461896,-0.0447549979497065,0.0233460033132748,0.0361492284015472,0.0210115126252265,-0.0400580904732366,0.0174839990950494,0.0861286752685706,0.00756249480143675,0.0450215433955046,0.0157470747538207,0.0376351747918637,-0.00421765696423742,-0.0365096245931844,-0.00544498658420639,-0.00521255199694731,0.039457414063961,0.0358060457561951,0.0312986036415021,0.0248247801274668,0.000278428833226374,0.173622937398813,-0.0234924878023032,0.121860169130792,0.106723824967977,-0.010612981836074,0.0331440855363726,-0.0164732126227533,0.0194005528475798,-0.00184663449539745,-0.0435369400305106,0.00126342823103064,0.00663361233341975,0.0888824405195978,0.0419827846322104,0.0813584227583765,0.0966155681317636,-0.00193223463589023,0.00128138737497787,-0.0630985895176276,0.0060769996852719,-0.273072761098763
Wind_Direction_N,-0.0428077401485064,0.0128559246620147,-0.0659338051509663,-0.00238378436970847,0.00455219918231654,0.230717953690693,0.120436101513243,0.107594416851978,0.0288468555342275,0.0290644395428691,-0.163345531724122,-0.07411187597145,0.100256635633242,0.260464295299726,0.0912430697742494,0.0508030168555964,-0.120899898453548,-0.42418000228739,0.324381539769866,0.0756814927132452,0.122925819195253,0.388935027949328,-0.0369391860513249,0.00213682778321725,0.0425371394001823,-0.0292922853733962,0.0353475337350171,0.0249401322700655,0.0911683689648881,0.0206683882645953,0.0564871178960998,0.0273052025019136,-0.00194178282291664,-0.0392936412856614,-0.00926643137294121,0.0542193877321692,0.0283484839665103,0.0315036018130927,0.0393256781725942,-0.0502401688470568,-0.00416030211977501,0.0158447149863928,-0.0100105826040936,-0.0104271974640652,0.0174131630819435,0.0071549887050504,-0.00310893434859694,0.00626126838663283,0.0016037249203739,-0.00199809878594155,0.00439251129014338,-0.00143793478274126,0.00226238306285682,0.00185771045531661,-0.00238527646467828,0.000161519836676804,-0.000528371426017226,-0.00395046899652581,-0.00104818771615442,0.000491103497710245,0.00147796874816441,-0.0011489814379649,-0.000251069553095134,9.50519717323845e-07,-0.000591497993324077,-0.00108282815712849,-0.00603456348775427,-0.00942054987132626,-0.00413037332981478,-0.00167979886762367,0.00192891061607681,0.000505160595912942,-0.0179204800598166,-0.0166979979183131,0.0419750911175021,0.0328045200282675,-0.11709222473567,-0.10918450432788,-0.0390994695649961,-0.058296586503498,0.0489390482231501,0.092977124815083,0.102699276601765,0.0982081616881505,-0.0295175586170667,0.0826965968359718,0.0735205349075719,0.0230800923347118,-0.0459058508352555,-0.211542672322517,0.017675614951511,0.0376944781946776,-0.0845058500059247,-0.0107897622230167,-0.0222797835135388,0.0836607849766271,0.0709127684047456,0.233230540107915,0.108736880969241,-0.0170403240194338,0.00568637766338476,-0.0969457947865267,-0.109971335187797,-0.0241865049551684,-0.032531812408421,0.000970513476608155,-0.00176662661029143,-0.0285938647581588,0.00335341750388235,-0.227837273609938
Wind_Direction_NE,-0.00298606862126996,0.013936201905892,0.0297510882407182,0.0382118763244836,0.069824797491448,0.0877657858384078,0.0466432064506563,0.0586778885702059,-0.0611189868052739,-0.00162136192747972,-0.120649177856467,0.0168655507597327,0.250424595533871,-0.0424221844525315,-0.137227169273054,0.161390684547396,-0.311441220183131,0.619777820513512,0.386929049177292,0.0184717628403094,-0.036726895763763,-0.113275385223331,-0.0883145443228939,-0.110407198260955,-0.0229650466923234,0.11289290120242,0.0376344295854141,0.0310913330749969,-0.0480287733505378,-0.0389467595205945,0.033669610100879,0.011635652071917,0.00907090692386596,-0.0214337378480966,0.00965946787192819,-0.0726539880756602,-0.012867699575618,-0.0605310822027523,0.00324045377722042,-0.0455393678628495,-0.00668766696141738,0.000837172921347853,-0.00456030288211292,0.00110663002024178,0.0197358103270017,0.00107893851366048,-0.00334734005101488,-0.0111951013474006,-0.000990780699160577,0.00193960085128928,0.00291526956062435,-0.00756727372603914,0.0114379838271964,0.0119433064322858,-0.0049813721162385,0.00344076542444673,-0.00444192517108509,-2.99266213169405e-05,-0.00516721609435611,-0.0025476951219502,-0.00380538688655942,0.00423766963562092,0.000106153430322629,-0.000287519646922639,0.00436280795309386,0.000204946986503092,-0.0137193939452016,-0.0262769984161477,-0.0106933989012089,0.0384307493119515,0.0267682225958304,0.0320612073301832,0.0740756305742943,0.0105627894455065,-0.00839098477574255,-0.0806093461983368,0.0920089241661545,-0.00621639430457469,-0.0451875211352704,0.0210642649472411,-0.00489556124760416,0.0856731847767883,-0.0205889204826721,0.0830079896414798,-0.0348227477848035,-0.082317729164558,0.0189538864880056,-0.0178909444801955,-0.0465808040948723,-0.0350698174155824,-0.00255956797351946,-0.0400575716889172,-0.0328149238411526,-0.00551933550871742,-0.0313119864113571,-0.0393908149385209,0.0131554194626023,0.171232499548926,-0.0678638743748156,-0.00445564523742332,0.00474135853573449,-0.00413555704024718,-0.0268665891911591,-0.00281381132495142,0.021874148797744,-0.00681149715870158,0.000951871285627696,-0.0576040834132065,0.00419170538808408,-0.232739357112164
Wind_Direction_NNE,-0.0194404711830359,-0.0106740937564341,-0.00443330264620592,0.0272215845128001,0.0807148751976142,0.140987039799706,0.0773062837811215,0.0532487452511148,0.027847967178774,0.0216881341458867,-0.0506304590184783,-0.105787410921791,0.164967836341902,-0.100132967553728,-0.104107203347247,0.111820097789557,-0.228391890614992,-0.105046462975917,-0.596394310178822,-0.112655572833677,0.107869249581882,-0.121982827904554,-0.133748236334806,0.273488977240006,-0.11954592838101,0.0511650849672425,0.0369825908836504,-0.0394619146759835,-0.234021099692525,-0.183837683144247,-0.0468517701039547,0.0350007154855158,-0.0493201086325968,-0.0361302614493633,-0.0203750000040882,0.0655033717940166,-0.0069998451614556,0.0615740185117315,0.0251157485104149,-0.00281606899658438,0.00274702143977771,0.0143992730079531,-0.012531597612183,0.0206160997326203,0.0253834975851971,0.022668023808665,0.00136353269885884,0.01584584552996,0.00999555083086619,-0.0277838386652628,-0.00870297857144412,0.0107346438528893,-0.0097142713303569,-0.0112860777403608,0.00415602521523133,-0.00330542309233813,0.00589021388333036,-0.00389717817376707,-0.00409616826893882,-0.0061515801158301,-0.00485912170344313,0.00143260317745413,0.00200328399730011,-0.00201598354084476,0.000530824410355964,-0.0023984779542532,0.01714657365226,0.00900598458018222,-0.0160177879275644,-0.0579877503722096,-0.0317188651625736,-0.0713742145395281,-0.0246036320034315,0.000161609382793561,-0.13506463175486,-0.00640516579001793,0.0599028073982714,-0.0411119702170319,-0.0118315785025771,0.0650045963800852,-0.115252297644041,0.0464712875187394,-0.0276285606244997,0.0651426616068228,-0.0371108230654465,0.0960907330981037,0.0515863441257489,-0.0563081100221254,-0.0252029420214146,-0.0819664855267379,-0.00107033482111741,-0.136781384494771,-0.10558571086921,-0.0146332060158245,-0.0468763603247862,0.0109856336418753,0.0100146458323059,0.201196943899685,-0.0468365984205705,-0.00810362444581217,0.00493776563690716,-0.0423408965012495,-0.0655338180472066,-0.0219095765402112,-0.0178231740194946,-0.00461415139871161,-0.00243299450345447,-0.0486272185539591,0.00434962761786383,-0.20336244265065
Wind_Direction_NNW,-0.0277627980023965,0.000839602626027485,-0.0249494732161882,0.0145280824142482,0.0806818104023707,0.176068474591923,0.112512211824303,0.099698798666789,0.0658580278364989,0.0550249527248021,-0.0535898395397179,-0.0947385554916527,-0.160137181777611,-0.052534642990782,0.209075917468958,-0.100922805723431,0.0819262320870256,-0.00222927486008032,0.067257819470858,0.0393519765192701,-0.150157883838109,-0.416163327666249,0.587550092656353,0.0885171369766138,0.00929487217423455,-0.0696926383024703,0.0175535849232544,-0.122888463055419,-0.0172330084667323,0.0494967394406442,-0.0192730690876212,-0.068582547650834,0.0844345918045292,0.0942744631545541,0.00708432349880543,-0.00167650235208313,-0.0722867353922227,-0.03096583113856,0.0148125981711254,0.00797427113862414,0.00620807425997471,-0.0115591469763375,0.0112451033970406,-0.00326929122131155,-0.000728194576667975,0.0060527133587057,-0.00287960262728447,-0.0108983744688194,-0.00463626300179243,0.0131709029282236,-0.00274079492484049,-0.00036877901931266,-0.00241549039806617,0.0021856739074298,-0.00137091882695298,-0.00509482219273829,-0.00115351632137614,0.00192277422684171,0.00271263485045164,0.00198753233199511,0.00224852835194764,-0.000406461424363958,-0.000988225398422062,0.000524616384015042,0.000761463783191047,0.000345336693104083,0.00308892951212486,0.00655444009039561,0.0130376820946478,0.0105053153408315,-0.00350135688524046,-0.0015552698406303,0.00816649369712132,0.0569647910240103,0.0284805980737215,-0.00434667611080738,-0.011626357111363,0.238802574317672,0.0642876576552568,0.0445808276579673,-0.012784183425835,-0.0239558478514365,0.0818402421865177,0.0332585205458845,0.079371784851656,0.0111430994359412,-0.0216211361130623,0.0653706763804132,-0.0351121752447623,-0.112795990636225,0.006856605820561,-0.058121236857633,-0.0286217033619715,-0.0364074701133,0.0310595206144282,0.119199694011482,-0.00879634335555158,0.15157530314674,0.0198845648953663,-0.00520630135079279,0.000824566072425466,-0.10023809922086,-0.152047692472323,-0.038170413415305,-0.0355004569800399,-0.00974825525382559,-0.000659556065376382,-0.0448574179760531,0.00407944916395826,-0.20020830331365
Wind_Direction_North,-0.00609643595892849,-0.0497495426757626,0.0505850802475799,0.0548171905627145,0.234183296950299,0.0151574567181298,0.0458463461935696,-0.0287082240471941,0.030979561070396,0.0421509760937724,0.130776791574233,-0.209496451270476,-0.0389736232723548,-0.345379784693834,-0.0435640384884362,-0.0481119362589878,0.0140120725355781,-0.0120655417630673,0.024240080182465,0.0592501777787813,-0.025576163265832,0.317491429669836,0.0484176855276971,-0.0716899181281743,0.104364023727405,-0.0209133421521764,-0.0120629675708472,0.0556189958887681,0.171584330409176,-0.0253336520792093,-0.229137369534125,-0.0103212888858408,-0.135577141788214,0.0444282262181444,-0.00566623532092704,-0.0736220507517937,0.0143214905114895,-0.013738478244629,0.00434441950772999,-0.00586438374690042,0.0473968434536419,0.00171666777057989,0.0287933187043146,-0.0109971187555444,-0.027835195568483,0.000929695833775789,0.00331322995339342,-0.000549472622590612,-0.00782967792130097,0.0152560700902527,0.00547305316444894,0.00970818762728116,-0.000338886788366323,0.00155743095551997,-0.00125787062858189,0.00163767625140039,0.000583073623596693,-0.0031272767554692,-0.00092253125577767,0.000102386816370253,0.00131377301252763,-0.00064391425723028,-8.45997511503246e-05,-0.000194950469957575,-0.00056230479569313,-0.00127117953387245,-0.00118263136876252,0.00189055505090985,-0.000380138662424249,0.00502861107802856,0.00823263975972646,0.026571443734253,-0.0185227837652027,-0.0224374279751898,0.000794674665690177,0.0219855450544308,-0.00678004234744931,-0.0150335060034929,0.0337757109014776,-0.0927455480953678,0.0765757267428508,0.0996229763078813,0.102653689666166,-0.126658219387047,-0.00224861929070649,-0.0202669462324074,-0.13769012283271,-0.0215527795707249,0.0849732716083661,0.319149558988552,-0.118494539468316,-0.357230297181026,-0.153317676326192,0.0156238762726872,0.0482306606077659,0.175051984514912,-0.117313391454919,0.0756342239018153,-0.278030333634919,0.00314869111128183,-0.000190933017535224,-0.0334505544902281,-0.0769626689653246,-0.0408138245113172,-0.0240980258904723,-0.0183178433431104,-0.000982448845197633,-0.0678205445266456,0.00645114225165038,-0.104835131812862
Wind_Direction_NW,-0.0103885922197682,-0.00888804070018499,-0.0028461040952935,0.0144520658005845,0.0184674783519421,0.142458889268905,0.07562926375215,0.0517173812628198,0.149482702352352,0.0174074375656284,-0.081647074057516,-0.0423598772553172,-0.0982309640312222,-0.0593963123908384,0.16030028209883,-0.123835082669933,0.236567829688515,0.102209677310509,-0.0668762741957001,-0.0561923324498793,-0.234883865199552,-0.000997006662949329,-0.44490004754325,-0.289510506531808,-0.193799998453017,-0.321779673488979,-0.0897757590725247,-0.239305486417681,-0.0503371003898266,0.098848314798058,0.0844408355093726,0.00386614217583732,-0.0212745511121733,-0.0482273203843992,0.00224134555633662,0.0163933381485356,-0.0403613490923679,-0.0198010100015855,0.0103729522990363,0.0160602373873795,-0.0136436036921681,-0.0169444806037852,0.0115041217456539,0.0177644701308904,-0.0044361085195647,-0.0162244634781861,0.00490614682725869,-0.00177471445110071,-0.00341171351795874,0.000742444890302908,0.00545216417005085,-0.00537483928045161,0.00406077913574948,0.00328160249046352,-0.00140695852209853,0.00021342060778022,-0.00208382372683233,0.00119406834134563,-0.000704777316928299,0.000891791538739908,0.000326242297347062,0.000287685484728619,-0.000299213512108413,0.00020023776365253,0.000622220729657067,0.000726242607832141,-0.00127464000648347,-0.00567808247601525,0.00128986286065089,-0.00391613150125674,-0.00240476391794865,-0.0046707040176098,0.0367606577330192,0.0401556632224959,0.0164056348389314,0.0230302203372459,0.0137757812114163,-0.0195816332428813,-0.0286574070055896,-0.156592871452861,0.0823159405006387,-0.138971685937785,-0.285762805760405,-0.112399746811981,0.0576800487479721,0.0488840512115254,-0.015017886828491,-0.0148437673811667,-0.0366773793968923,-0.0789286596017208,-0.0106344991199525,-0.0371497796203666,-0.038682579353799,-0.0420020918033418,0.00729206095020743,-0.00876700574301582,-0.0323008857882427,0.0478331197753625,0.0319842829543572,-0.00368443293265772,-0.000507379073774022,-0.0867607716693659,-0.153621109647978,-0.0294517378647758,-0.0276188892732287,-0.00790291436820979,-0.000296892538775351,-0.0434855472581563,0.00480770008201353,-0.183749657459226
Wind_Direction_S,0.00827551640366762,-0.00409472069910072,0.00797066192320646,-0.00575767934026537,-0.146410635993978,-0.0361339614499307,-0.067656358802593,0.134196663239508,0.0655570143802308,-0.0357866336991534,0.13709861222834,0.0303047251987772,-0.241469183108658,0.0885116279178543,-0.0361916801174452,0.0444498771464113,-0.228768038533786,0.0941541548733928,-0.224385561283436,0.229346224008862,0.182427069008888,0.213359852427677,0.244847092509421,-0.480095310095207,-0.203757614693678,0.0415995884961603,0.172319085048966,0.00805374374984198,-0.163127790781357,0.0276837706556435,-0.0330746375926834,-0.0720212950343097,0.0110292465546478,-0.0327817697876435,-0.00894709485456267,0.0571489126900827,-0.0506985438286103,-0.0670153557288355,-0.0690907067660778,-0.0626471201171178,-0.0294519657168049,0.00816240284863772,-0.0107927653532551,0.0433172645516796,-0.024790708133291,-0.0107919200798979,0.0212768330702072,-0.00336486680011996,-0.010880642026236,0.0346581876940892,-0.00871816538066803,-0.00583426614433086,0.00999797153263384,0.0157912663845294,-0.00557577317818765,-0.000965996095295819,-0.00182966890904788,0.00329130253284213,0.003516200831395,0.00895763842546789,-0.0021071545426218,0.00239106558722209,-0.00115023297640494,0.00341067708398623,0.00147411618701645,0.00764896142399767,-0.0416372899308921,-0.0252365569978796,0.0422425131285093,0.0294197487448732,-0.0916661228314399,0.0224065238197571,0.0481061748835673,-0.0367049772521991,-0.0490569261835725,0.0807911842431483,0.037682058561202,0.0230826990147955,-0.000286141529958726,0.0204718677364966,0.0220234117328054,-0.0730935432664324,0.0856973561144144,-0.113790253313816,-0.0680422309378792,0.041414800161894,-0.0454654136562176,-0.0884893463666473,-0.0039428644901555,-0.105436441904597,-0.0338070275441738,-0.111146580441605,0.0711111835922409,0.0215280178074426,0.00769806256367037,0.00270525212595733,0.0278947226530878,-0.132908232432412,0.14075782890454,0.00587991752428051,-0.00392164768497688,0.0141836075593005,0.0456241389926707,0.0471869605264798,0.038699986892936,0.00457243942832366,0.00150319932432508,-0.0369609082978986,0.00359096937322958,-0.214716042909562
Wind_Direction_SE,0.0397674305035663,0.0281093584631979,0.0520498383074018,0.00285507916862803,-0.0421530095067786,-0.101598565883948,-0.0564518872531285,-0.0377563445403992,-0.0664876848544122,0.013808733966227,-0.0112265207310228,-0.296938882908833,-0.0623232364947264,0.172541274229708,-0.0753810997257841,-0.628194716574937,-0.313925372033329,0.0121806325682124,0.0726098196651392,-0.322322193902032,0.131484695087824,-0.0297240325431322,-0.0413264245630448,0.0942423789740125,-0.0210977016575455,-0.0304823480235426,-0.0880856691732585,-0.0141761694361745,-0.00820481538421038,0.0681817292383299,0.0535434261234002,-0.0505455725150455,0.0421539480294169,0.0110750851556452,0.0374375045575611,-0.00577382467424342,0.0412543039473167,-0.0500212438758904,-0.0263897803351916,0.0431523913141769,0.00274603176360985,0.013584164809935,0.00711710862136,-0.00278091769657032,0.00342960934467046,-0.00342488922118647,0.00911829083590001,-0.00196618856895703,0.00294110184385954,0.0050812002568692,0.0101075861692221,-0.00279973204811844,-0.00144498510045878,0.00375673345254715,0.0114466983996421,0.0066137382593781,0.00132069186935291,-0.00567105313602867,0.00349417336210091,-0.00250274226910415,0.000916004266715549,-0.000354593785526235,0.00056052944498872,-0.000443830332516584,-0.000642523591542182,-0.00164951468959271,0.000743272541606215,-0.00242340653269027,0.00583963406907791,0.0199457550482725,0.0258822233114383,-0.087844532883884,0.0386105257199438,-0.069217718794049,0.0344708768515221,-0.0536678585699129,-0.0501198677382525,0.0132737088382443,-0.00439866969127099,-0.0145803792321714,-0.0528570445000938,-0.012288932058812,0.00293936309047088,-0.104335413837971,0.0520842610071628,0.0973443022155018,0.0165245871698383,0.00243885916959379,0.0717875951996321,0.139010017339738,-0.000119924170608179,0.0547799193436225,0.13172055699657,0.0135687082023441,0.0694296959099752,0.0175054684347717,0.0105159227129655,-0.0586620068255996,-0.019700198261967,0.00798214006380501,-0.00136143776530288,0.0715394030666981,0.0448699442411042,0.0691197233438221,0.0735261771871496,-0.00163362998212989,0.000433208057647369,-0.0572677184493149,0.0061007628191818,-0.24738002273425
Wind_Direction_South,0.013341017459684,-0.05463370426453,0.0762633377302185,0.0470439362517765,0.1348918744212,-0.10366065234964,-0.0445588039723036,-0.00677710076871897,0.128270972842074,-0.0461653168598252,0.163376785020042,-0.050180596835609,0.054954162442057,-0.0571672472916814,-0.0223503672237581,0.0276916104042979,0.111001323585298,-0.066149367308034,0.0596721888550593,-0.0337222226455383,0.17131410908912,-0.0363463897420083,0.000911010354795533,-0.0756446582410334,0.0976050131385948,0.141363398195978,0.0889140727724952,-0.0899279825743487,0.0203673155965419,0.00901424306281129,0.591517203475277,-0.143927703639355,0.0999701144813074,-0.0724364542737731,-0.0738881273845272,0.104048691222784,0.0197872404525312,0.00498039964624208,0.0349012056888799,-0.024691210196774,-0.0270601795129452,-0.0142835075125336,-0.0235135882283193,-0.0183085648717706,0.0246379165972929,-0.00633113996982962,-0.0192007766540033,0.0244589468629148,0.000163405334648966,0.0109471261446334,0.0205765408532656,0.0155760187129279,0.00390842847263197,0.0200214114838581,0.00749385533164441,-0.00125399321571271,-0.00203794627744179,0.000757714376101144,-0.00129693166425519,-0.00265421982195845,0.00027358101713508,0.00321366770106773,0.00102051817135149,-0.000245691825484828,0.00205024827904449,-0.00013917380212695,-0.018786865029461,-0.0347347227824735,0.00711031137287005,0.0146307735908174,0.0121854219168388,-0.0474938471372197,-0.00464341632863864,0.0732948675244754,0.0506372827416565,0.0388728868004329,-0.107127202778908,-0.0841119859228776,0.0148114451978019,0.252022396373217,-0.0369719484452384,-0.132700471332584,-0.133191194692294,0.184827703429349,0.0203697205190913,-0.0214297883603453,0.111056804476901,0.0999954834726328,0.0154246927385505,-0.103703672760884,-0.0793116144994124,-0.207487091242762,-0.111740000368375,-7.23912827513551e-05,0.0211021530670307,0.100628457320731,-0.0990194573279189,-0.170425784077518,-0.252573865743553,0.0133789755914257,-0.0074569071292919,0.0193166811862614,0.00936832755654631,0.0129601243137333,0.0119574209229879,-0.0112607678937387,-0.00108821326472031,-0.0533286596384836,0.00524645784708537,-0.0973968000762692
Wind_Direction_SSE,0.0226591527895822,-0.0044709271380614,0.0329402593334721,0.00146095923355964,-0.053179425830332,-0.0905183999030386,-0.0585192329004752,0.0346030311290327,0.0178445031615601,0.00434876343209398,0.0808222516187197,-0.152277610639574,-0.0242540437056824,0.0388786201830256,-0.100213938629906,-0.0261116946697859,-0.0254306541348913,-0.152351843592575,0.102472657711565,0.699684470116215,-0.159701317775573,-0.297351533308289,-0.279825271482868,0.218972269214625,-0.087310063116382,0.0828852066761046,0.0431165779172583,0.0139368506797691,0.123833956420606,-0.0113444047718582,-0.0784110593612689,-0.0322888131361451,-0.00371909572216034,-0.0096189495986836,-0.00708488629686224,0.0106338017451918,-0.0130502522807063,0.0164934142800572,-0.0678431800607621,0.0251789522830606,0.0490706967431573,0.0136860831616382,-0.0154639786667756,0.0260045223583693,0.00837627991279898,-0.0105387842094517,0.0108347036974016,-0.014736252481926,-0.0184315120019971,-0.00864462783042437,0.0046073076373449,-0.00588455261200077,-0.00260705526004657,-0.0250438749123475,0.00561372561088615,0.00407615016212969,0.0125438583285878,0.000529456006474104,-2.65566568718046e-05,0.000396708423941997,0.00681743570817965,-0.00461401018022562,-0.00024981919214412,-0.000307157551491679,-0.00515670312565918,-0.00337003005326027,0.0298180301228651,0.0353999687595968,-0.0555049282704444,0.0348071427188112,-0.0650596679603424,0.038638099565566,0.0129063432106749,-0.00673117346166335,-0.0135379031399339,-0.0331546045330911,-0.0570660809954871,-0.00594590712232298,-0.0501136070569269,0.0291045335680577,0.0145977715469151,-0.0481546097565604,-0.0170679221237637,0.00297078613453982,-0.0248931079003985,0.116020955657079,0.0412161544395123,-0.0303568827801901,0.0278949452155663,0.0724778448352867,-0.0270755191342371,-0.0264479391166163,0.0722482288735066,-0.0111417621091869,0.0583947428436322,0.0290990790876475,0.00582245165707622,-0.10886315376131,0.00770481056237553,0.0116812558755269,-0.00754513949501293,0.039723611309731,0.0459780622430402,0.0490130383816201,0.0474351007387865,1.4456288758911e-05,0.000769544049416566,-0.0499933572365325,0.00481668319098962,-0.212752613184986
Wind_Direction_SSW,0.0109840472696161,-0.029537199234963,0.0271810768597012,0.00736274894317415,-0.074934501032246,-0.0647145658333588,-0.0731220739743791,0.062320039819155,0.152316954597496,-0.0243745338424325,0.100303827011303,0.0263928434028033,0.00619764905626094,0.0142050905221505,-0.0154998751111931,0.0874790439835806,-0.0362270468171334,-0.130287211822236,0.088122066689668,-0.1135115669483,-0.103489818611964,-0.120946259251718,-0.0114557865058963,-0.15545619975651,0.413727674440571,0.109255740829084,-0.500783541546576,-0.0407466834169409,-0.28200069825502,-0.0467601155797679,-0.229267326118869,0.0199150401774675,-0.127184726417806,-0.0690590792691624,0.0399726309037171,0.0708918239575278,-0.0842381075621116,0.100940140863571,0.0476743632852496,0.0475822935181029,-0.0194572927639296,0.147216278496437,-0.0388380650495468,-0.0616202036909799,-0.0591797960436473,0.0424215087107783,-0.0108870881786592,-0.0562490484154665,-0.00760898581583309,0.003073176980581,-0.00833026402952835,-0.0302819243619931,0.00515632652036336,-0.00230735142323333,-0.00544837008974716,-0.0141337876209434,0.0117519155043062,0.000296579169209557,-0.0223976342159822,-0.00457084400760737,-0.00388146541897783,0.00289278097861569,0.00351073116907213,-0.00468717701952659,0.00532286122487071,-0.0144793479215782,0.0184815877625353,0.0754919821484176,0.0827777430115986,-0.0173793253725132,0.0447346753308637,0.0840012864811391,0.0643290010667539,-0.0757947706759921,-0.0515430693176345,-0.00473719396239713,-0.0308023949807696,-0.0107612340639963,-0.136416871645542,-0.0234070666078427,0.0657099607860314,0.0343060800596191,-0.00486538581303873,0.154694683902152,0.0239199122710415,0.018381436447724,-0.0190668416943811,-0.0206755606466274,0.0174337208000751,-0.118012517133975,-0.0546710735078727,-0.0951272051961346,-0.0186129378846762,0.0302037552964511,-0.0179867825381025,-0.0137014304703497,-0.0198337682551242,-0.197808631651532,0.0394483226286794,0.00499887345711146,-0.00139367431700154,0.0099969100305684,0.021146289031469,0.0319474501547819,0.0198730169990625,-0.0017906961813976,-1.29168221644142e-05,-0.043974004089136,0.00569313919665363,-0.175595054701265
Wind_Direction_SW,0.0213192443934161,-0.0187244763204426,0.0332880198704701,-0.00585597220474852,-0.0826108903406644,-0.0728476035634536,-0.0679454717683312,0.0289880108426078,0.156426246492851,0.0120507582337477,0.0470048870216461,0.0562973663133192,0.00845027035747891,-0.0477319622661192,-0.0136938596570218,0.0524450594571466,-0.0147604998077289,-0.0868969578896419,0.107478381074533,-0.194458403557795,-0.113993257117118,-0.10524314198367,-0.0297109073312334,0.0219921146808047,0.187300391290726,-0.340439338966847,0.588054896763108,0.264567836166376,-0.0462260465210191,-0.0504567767263422,-0.106465754348049,0.0569273455483226,-0.064725931099319,-0.00874957816288,-0.0537999355094245,0.0222852333269645,0.0380193180297682,0.0305283129244376,0.0796967016775523,-0.0517451526139769,0.0301048388414168,-0.0259519319766631,-0.0379456826543758,0.0279613773249847,-0.0222913127455479,0.00125872480222279,0.00987470494029641,-0.00537584935465471,0.00512155910034988,-0.00302783180974876,0.0151467989454187,0.00327349979285561,0.00879153046227212,-0.005104303076904,-0.011204370225887,-0.00379548501251558,-0.000410526841339986,-0.000449200968389636,0.00386065636768075,0.00461790350563477,-0.00361672318864953,-0.00136943342658657,-0.0011356374570367,0.00140284665375011,-0.00126157672743823,0.00278001144802336,-0.0228728070911848,-0.00748168666509698,0.00177451320832109,-0.0168390878391476,-0.0240723127941925,0.0598766920047806,-0.0590299208098412,-0.00371010862823011,-0.0339920997028942,-0.0784111775867786,-0.0842603498768279,0.0312692598269673,0.0723879252513052,-0.148375397651276,-0.193141187838818,0.18313638209817,-0.14798836989293,0.0699142551518358,0.0378991178269029,-0.00100653296155345,-0.0373016482677986,0.0171022110487947,0.0420549822738179,-0.060913807253069,-0.0291389313181911,-0.0749877231112832,0.0472573521992718,0.0395526604972309,-0.0382530404704504,-0.0702357163452206,-0.0219137598944342,-0.209016634998047,0.0344494259093398,0.0068563640188906,-0.00555639788167629,0.0176951702750649,0.0112176272315032,0.0266202008189118,0.0197038783480489,-0.0021054149231674,-0.00066912292238005,-0.04256345661196,0.00457005900885612,-0.172122098849055
Wind_Direction_VAR,0.0357838068108631,0.00513824609805706,-0.103983100134768,-0.103093623402597,-0.0398516558949884,-0.078557385806748,-0.0206179838671765,-0.0481831914715064,-0.0135557951203093,0.0308956925736829,-0.308991511398863,0.0461105540745878,0.142185850629091,-0.271392595601136,0.0667378006496614,-0.0322973924316229,-0.0788155372766803,-0.105548374541301,-0.0892246248247098,0.133179821942059,-0.0929560849479239,0.0478270951472851,0.0915443469262845,-0.206037803015836,0.0964729973296178,-0.0132142408249269,-0.0214384985440924,0.00389834194076499,-0.12423628865107,0.0479357311553106,0.217095685312873,0.178272424308085,0.0525771984826054,0.175125434263511,-0.139703284846949,-0.0756620910822189,0.043385286159581,0.0165267972071912,-0.0184464741305407,-0.0219410376667894,-0.0311760719086395,-0.0664853618111721,0.022525296528285,-0.0573141975156009,0.0105874996235583,0.0579821220690829,-0.0321791586401795,0.0106638307322353,0.03193029512384,-0.018145572336489,0.0242377501864633,0.015801189776121,-0.00566028273372672,0.0029466433764648,0.010459331287462,-0.0108661978404,-0.0199230324427829,-0.000355764330274221,0.00113256905206453,-0.00934163690284594,-0.00468389581152705,0.00918248160384057,-6.61362085210019e-05,-0.000260396821274268,0.00731366229425878,0.00768309362776247,-0.0212951649427292,0.00254695353999274,0.000778905534323282,-0.00039196218131763,0.0329868104288595,-0.0513230907520553,-0.0708251577849568,0.19954027382223,0.0247692837612506,-0.0259939501891951,0.0894912716552392,-0.0624791351469366,-0.0260148617371779,-0.00964620494758366,0.0389508710022695,-0.0039080843708679,0.10252841528711,0.219941526514603,0.205140674258974,0.270641717352723,-0.0275444885999443,0.0185937874421219,0.105159059579238,0.342568785735504,0.0192184479601179,0.133273398600528,0.0542052660984426,0.0190243099609312,-0.0550223868452497,-0.169491716373723,0.02937472962684,-0.0475113523543471,0.0661525921950683,-0.00653438178750528,0.00447843401508447,0.0630702033766795,0.0587071156598942,-0.0871618247501727,-0.0934737897846541,0.0106933556212095,-0.0021214029532616,-0.02103203509088,0.00269673900623553,-0.159010911062735
Wind_Direction_Variable,0.0199584751184283,-0.0220303031813533,0.0118721628496121,-0.00496821204952122,0.13028440345979,-0.0940346367977387,-0.0217105566915707,-0.0769918203587175,0.024075093628614,0.0315072082745042,-0.118977445176095,0.145143722411084,0.075913999352433,0.030688099801383,0.128526032949703,-0.02161291945992,0.0191221280664139,-0.0409235872181836,0.0192567914974798,0.0167640097915789,0.0652930532111032,-0.00674269077832098,-0.000520742936275751,-0.0178962543042186,-0.108188789755415,0.0458030455863495,0.0569873800846991,-0.0856365319991596,-0.111631976001424,-0.0748957067405052,-0.129923574019334,-0.545355213696911,-0.351294081241787,0.0456622315005143,-0.00849183057440174,-0.106673120990636,0.0126101615275825,0.0380142092667497,0.00539789229706021,-0.0707857624539947,-0.0492946108664874,-0.00631102791428226,-0.0018271439802983,0.00836652003423762,0.0140813085016846,0.0222675065328418,-0.0151952519671518,0.00311147000931647,0.00235683122237922,-0.0292079548909618,-0.00322925041409306,-0.0045619756591604,0.0167338590280473,-0.00549808648679187,-0.00304101005743948,0.00572229094843768,-0.00231309789757703,-0.000162643852164545,0.00425534034829828,0.00103020831308114,0.00393616840341278,-0.000620284303481487,-0.000763487385939211,0.000491956717256563,-0.000904511046707823,-0.00102305357985661,0.000403986572259107,-0.000998440854918224,0.00365582807718241,-0.00281049006033618,-0.0131353207635416,0.0116986010661858,0.0427836626109277,0.00897052550510656,-0.115671162592759,-0.0499890096213574,-0.0228053047126969,-0.0571655556979981,0.276366737789547,0.060352843779893,0.285066445049153,0.178241818032601,-0.0441504896590721,-0.0338070088137373,0.0712983108191101,0.0958103822977232,0.0418488437457878,0.0765417939305824,0.0767028966535937,-0.0878985806574543,0.0786896284368682,0.230259278987138,0.109618255076591,0.028083691069479,-0.0106965315099088,-0.011018491112303,-0.101389950121079,-0.0366612564820083,-0.20241794748046,0.00870301423174584,-0.00170121884190333,0.0483733617954119,0.0265301296862654,-0.0556938488901061,-0.0512514541725358,-0.00366276332108354,-0.000773515724087951,-0.0370785610919151,0.00451852892576976,-0.0719895956903563
Wind_Direction_W,0.0233054132336575,0.0157752995901368,-0.00250967470140872,-0.0276924732381116,-0.15611663007125,0.0385109999960369,-0.0162208181039745,0.00931890433647732,0.195922043586011,-0.0112808684500614,-0.0830655995265364,0.126527296987287,-0.155816311529097,-0.111278591040383,-0.00513435623346514,-0.00020076038097505,0.0261474257154932,0.184174244267111,-0.0153394463142953,-0.00904689113050296,-0.114506753312053,0.306234507502725,0.0168848773919777,0.445444458973285,0.195577335571414,0.184134981718875,0.0899724025034903,-0.378939813808452,0.0446122853257915,0.0885558564908756,0.0832725578531192,-0.0470845412878816,-0.0729106097565244,-0.0630830057867271,0.005995958426294,-0.0886604147803541,0.0297080355967189,-0.0396309438278102,0.0274594717387703,0.0466343082556892,-0.0132712314488936,-0.0205381447824868,-0.00913822291023326,-0.0248564966117705,0.00163394979181972,0.00413579309289583,-0.00763564791219365,0.0190463660610809,0.00218447716406309,-0.02536448101593,-0.00821070606029926,-0.00349923348812447,0.00362719340383551,-0.0041754237142294,-0.00679455486245454,0.0103536388297043,0.000130835632096528,-0.00312064567329651,-0.00270383262250982,-0.00761797975636798,-0.00395567355144186,-0.00214737978355819,0.00180846169265795,-0.00256158721577932,-0.00391475055584093,-0.00451806772234965,0.0225987005228782,-0.02086715756352,-0.0195348773043805,-0.0146883962635592,0.0721370135826854,0.00605816429538186,0.0299425934529301,0.0781955657938571,-0.0470023617704184,-0.048187628458648,-0.0717407618844424,-0.0665622232886416,0.0988969674543167,0.0142303288413809,-0.0297316053390042,-0.0917104257193867,0.139620159171718,-0.121442299425472,-0.0827169358431737,-0.0419173180362968,-0.127999887207155,-0.0837743257959867,-0.069491564136679,-0.0448263770385358,-0.0291156518640898,-0.0504090531002769,0.0446322534534889,0.0358192052737577,-0.0555185875486801,-0.226095170220764,0.00344657089271506,-0.147896760440284,0.148899567503073,-2.9647923236793e-05,-5.12411406416069e-05,-0.0202089452711167,-0.0551888362750917,0.00274625370537149,0.00433415128335605,0.00230379369188198,0.00019156851135661,-0.032457364688795,0.00315350920612866,-0.188865339173851
Wind_Direction_West,0.0177994479268306,-0.0194366061222592,0.0727215790786657,0.0271633798147418,0.0995950808237491,-0.0642756547924025,-0.0223606329394761,-0.0765533651349933,0.144143726986666,0.00402318611096273,-0.0375726595475765,0.0561247088900298,0.0631512032942251,-0.0566087709806785,0.0965693097075514,-0.0231860229140941,0.155317082068859,-0.0643460017203039,0.129641733797785,-0.0379252731579312,0.246445053655384,-0.0481545726959718,-0.0179010627905144,-0.0226317501653907,-0.183449698991969,0.216872174458515,0.139158660746571,-0.189803650936436,-0.167300795316707,0.148426889314483,-0.261272801735777,0.373985828047641,0.066833958483245,0.0194385930757418,0.02725148669148,-0.0528041856601125,-0.0206303348861547,-0.0208372152619325,-0.0153151826806787,0.012219604945793,5.40158440850754e-05,0.0088662709014002,-0.00667559526189023,0.00765505231041306,0.00083012550477784,0.0117877635616749,0.00703239822534332,-0.00407744953595235,-0.00368906824796254,-0.00145439516628535,0.000704860474597106,-0.00388034907357754,0.00706823921051907,-0.00163661318672358,-0.00263083450935465,0.00146015174134977,0.000126365846205689,-0.000885557365726155,0.000715259288813154,0.000803991948840502,0.00274397695051036,0.000303348943134702,-0.000733380532161869,-0.000102274937697411,0.000548220477387786,-0.00245996018138211,-0.001123732363561,0.00240650450963749,0.00107917385236258,-0.00117476347613897,0.000706920211921994,0.0180757292271121,0.000758239423440464,0.0313172278363616,-0.0199262458168653,-0.0214873113910946,0.0639491931033981,0.0164492548062172,-0.0837591801249778,-0.16036551471023,-0.0936539252248798,-0.0614996164077811,0.17525139060065,-0.135271555801093,-0.0933349554503817,-0.00749942871893023,0.40681336206855,0.179832756853307,0.0398002286037832,-0.0309390534778075,0.0699743089349674,0.0772429755766162,-0.0371092954303873,-0.00212326942743804,-0.0331144420179718,-0.0538978721477628,-0.118627529049003,-0.141461497558566,-0.205170713181043,0.00967015608540434,-0.0019026686458261,0.00525687106396855,-0.0519206845907656,-0.0139199713969707,-0.00172538098507395,-0.0133673286966016,-0.000314383280783611,-0.052956596567208,0.00527788219152582,-0.0853504550248727
Wind_Direction_WNW,0.00512575486227337,0.00845789872448408,0.00244824908447702,0.00647387413436843,-0.0354823854106842,0.0803870824831108,0.0211006833645081,0.0274899135017004,0.195681106123518,0.0172565013264681,-0.146103254652369,0.0424326256094793,-0.0598180360029393,-0.104911899377387,0.146196119589684,-0.0767382655066954,0.236395862012725,0.131646522039738,-0.0536723782093985,0.0263058899843951,0.208702742752834,0.0199619314553339,-0.0656672612924928,0.108447479083759,-0.00796046730835288,0.150017630872486,-0.170987479384649,0.681161743262948,0.00135611393853265,0.112496378235959,0.00568173130430036,-0.088663941802143,0.0820234704790374,0.0262330734437208,0.103217590420278,-0.0162588629950752,0.0471426733169452,0.0315983082789764,-0.0297730456158194,0.00981001322373898,0.0215808982805081,-0.0213683029713931,0.00555528788599482,0.0231308710695644,-0.0117773740941315,-0.0476776697711225,0.0206270939295769,0.00815982228778102,-0.00594635162718221,0.00134473294395108,-0.0140683973389852,-0.00353214164826709,-0.00634883310582828,0.0103629268946338,-0.00503137329450391,0.00175924798503604,0.000986958531822458,0.00296314281578649,-0.00164596725895568,0.00315618166658041,0.00338359420468962,0.000302821183914198,-0.00153366822905237,0.000504168175176818,0.00218291348863324,-0.00103722067645632,-0.000186546120107534,-0.00136839873964468,-0.00449582472546368,0.00707724777067335,-0.00836410769670846,0.0372707074226927,-0.0637683210303462,-0.159838166874119,0.117762893629437,-0.0381298114111984,0.111233041111741,-0.0361474376126099,0.0919678828025112,0.113239981266786,-0.00418716003370947,-0.083968187480294,-0.00211135409910643,-0.0710422523846525,0.0379950858457186,0.0526092435567992,-0.00077310557975511,-0.0330032150809948,-0.0467102132675078,-0.0588773892577436,0.000156697629614967,0.00104619008136601,-0.0418899608123084,-0.0311551759360202,-0.042336009991421,-0.130759092457963,-0.0306234079896415,-0.0646961300908418,0.047086273356147,-0.00833790338647465,0.00243891309812468,-0.0608307303333471,-0.123476066517074,-0.0251719899977673,-0.0210556218617174,-0.00433710522781452,0.000143633617050654,-0.0439958722887964,0.00408412039479989,-0.176849977029055
Wind_Direction_WSW,0.0262748886678467,-0.00561612387505105,0.037291031004879,-0.0174252188063082,-0.0842523184132621,-0.0590673056573078,-0.0555483947786251,-0.0280219979478331,0.178748136219795,0.0190410205216274,-0.0178747866814924,0.0734788397172664,0.0418497314058424,-0.0745286402387358,-0.0610252761797224,0.0784979045072515,0.0328852955578097,-0.0287624451755306,0.114379792737924,-0.0823036242045489,0.0644458436394286,0.0212142882013062,0.168100978918658,0.0711543856367649,-0.374925905733723,-0.221494336569465,-0.27807917259469,-0.0447607518829728,0.288933442630358,-0.472365283474578,0.04489429245755,0.100995294821168,0.0409393902177915,0.0208141213187238,-0.107677803747116,0.0229927148058558,0.063123271882845,0.0427919341951161,-0.0301168301912037,0.0261818363651097,0.0354217687068662,-0.0158218296484908,0.0242470885330148,-0.0260511625657046,0.016110807587602,0.00403459506987063,-0.013037205858488,0.0206764724571844,-0.0049145463347954,0.000127034895057707,-0.00967747385841098,0.0130616294635212,-0.0087433767606674,-0.016551675494069,0.0207028119734165,-0.00293476742602828,-0.00568479491562544,0.000405058089821417,0.0135636121282663,0.00158021803561736,0.000125894379628102,-0.00297050194140597,-0.000868415996113708,0.000533030219321728,-0.00540472755637526,0.0108587890991281,0.00493351486174343,0.0264020942070171,-0.0413812025122804,-0.00352803216352815,0.0320879280051963,-0.0813374887726942,-0.0499547870351239,0.0317568570422977,0.0398605619041627,0.13148273124241,0.0541944681935023,0.0623470359926158,-0.104192876799579,0.0967193668573856,0.0770428858303907,0.251191451938641,-0.0564636240811288,-0.0704598618811695,-0.125811316305657,-0.0164655555444923,0.0187586015374632,-0.0149007558067227,0.00281650460177009,-0.0180739180263779,0.0251654971913348,-0.0307857944909829,0.047506862070505,0.0345601965465109,-0.0392444135071015,-0.144005059059004,-0.042404405838656,-0.19715473024405,0.0301200764719848,0.0050389485988378,-0.000886480685475912,0.0246819219003938,-0.00989668680052706,0.0117598276949236,0.0153565407648396,1.01548638757996e-05,-0.000617614796768642,-0.0420333694217812,0.00405020729256259,-0.167956839717333
Weather_Condition_Cloudy,-0.0548509904168857,-0.0254802162231122,0.0350948997233878,0.0797339384533237,-0.0350312317322915,0.152372638040235,0.0401951350877046,0.494756706284335,0.017521856470345,0.246648226855932,-0.15653108430153,0.172080336248814,0.174055299526302,0.18190019604573,0.129514618129781,-0.043898865735402,0.0744974423876108,0.0224015765323422,-0.131987756355542,-0.0557339309725748,0.037281498919165,-0.0812172427124217,-0.0573217676080053,-0.0991983646517964,0.13203677962463,0.194600169074236,0.0652977552653216,-0.0592401597020817,0.18913292300232,-0.124197908617134,-0.00575136551404251,0.0312522980850438,-0.00766464187275379,0.00642363606729673,-0.0716525625292961,0.0145158407448683,0.052141009836598,-0.0143202452424724,-0.0349060664376914,0.0245174591705556,0.0937690245273255,0.0287303717468044,0.0284294610567159,-0.00340910297649536,-0.0380740530451764,-0.0257055747851402,0.0144944825764273,0.00262029099868958,0.000382339432089174,0.00555007875380667,0.00283286016006993,0.00166397103528903,-0.0042316630023529,-0.000762020961311003,0.0049174407250099,0.00651578755533175,-0.00671677573641941,-5.38245080162941e-05,-0.00345444047176095,-0.00447445292561781,-0.0104694583125623,0.00187108244798002,0.00193492818073992,0.000200490775873484,0.00143385962035593,0.00617816241276473,0.000975489258403981,-0.00061386288206334,-0.00849334580668304,0.00769846597755681,0.00766618640991905,0.00974790163720312,-0.0256018428981093,-0.0240817554705709,-0.00924724358748635,0.0214863045757536,-0.0204021167568881,0.0166042753517554,-0.0355865435395532,0.010347104379338,-0.0304813262104206,-0.00550160881946197,-0.0135869793095536,-0.0823178251384755,-0.0382487683360268,-0.0575891136591431,-0.0500700017294278,-0.0279848286895813,0.0960601470560611,0.210050489569627,-0.050021208944106,0.0196179873578576,0.223354178560108,0.108374539499713,0.0701145097432943,0.156499424292963,0.1077218292379,-0.153873265293199,-0.100567992116046,-0.00074270411377286,-0.00975954591064706,-0.125085268593121,0.0106068938065019,0.0249259403168071,-0.00574786914051412,-0.0632575039869883,-0.00254158646534002,-0.30678809173401,0.0346748843693037,0.0751483683227349
Weather_Condition_Cloudy / Windy,0.0022397974446524,0.0164803351399562,0.0589411400919625,0.0390923926075786,-0.030167271854749,0.0889946427641842,0.0317776777826791,0.0336634414560404,0.024341638930457,0.00645804879899234,0.0932742866566854,0.0158883084176556,-0.129703580301659,0.02855238724683,0.0419472461122887,0.00161939953456562,0.0358401950939848,0.0491364978821578,0.0649791106258378,0.033126820551156,-0.0356021132181641,-0.0649017909809449,-0.149831925594333,-0.0313795178950211,-0.0174697785166826,-0.0687729188700338,-0.0591165203748977,0.091549237526455,-0.148888772463831,0.0652320116328051,0.0196970950831287,-0.00199372630821012,0.0695612152795919,0.11444137113394,0.0566108830470772,-0.0461170022322964,-0.0847578716612217,0.16103408893832,0.15433395839037,-0.118130233725444,-0.349466445248935,0.0360070494636366,-0.0970050864986772,-0.211664114685273,0.0458666138847366,0.124032757788993,0.0343639333832625,0.321635366168236,-0.0162065122346626,0.0267093305323586,-0.0137290015068052,0.151795037792844,-0.024442584482675,-0.0437315284975587,0.0658639547445243,0.0605099972173647,-0.0245239160460985,-0.0821843599522351,0.0241654028579511,-0.0191037623479494,-0.0526175395091951,-0.0136292018018997,0.00611545833289402,0.00724702337599903,-0.0128105596911263,0.0118868400199442,-0.0202072312752016,-0.151762420785902,-0.0935627266673593,-0.106660851383604,0.0453737798275196,-0.269090581512355,-0.0733195748801373,0.167123674869267,-0.174642396820393,0.118532798780518,-0.0965019381915013,-0.0461218547158591,0.0734901800547604,0.134091611817845,-0.0975799537341754,0.189821476523862,0.222367981382867,-0.0472823368371442,-0.181703307292007,-0.0820268299918022,-0.0502250913513962,-0.00325980738878626,0.0838181973502758,0.116917532320527,0.0413584315624148,0.0670988224594618,-0.0259608724410203,0.0152880220913958,0.038778793967942,0.112014291170917,0.0470342151197929,-0.0449240497060383,0.0191061821221286,0.00161370612777789,0.00420891416370657,-0.00625305210618976,-0.0775494561369357,0.0589870305026847,0.0639297236773449,-0.0127393814978339,0.000704134224559119,-0.0465441606717014,0.00590917254932327,0.0111831644508461
Weather_Condition_Drizzle,-0.00466769978079064,-0.016780087555646,0.00382037323846755,0.00152885848616414,-0.00118107604998447,0.00427440806421197,0.00153974721193558,0.00991844971416711,0.00851553317827555,0.0075783306131877,-0.00749232687671812,-0.0314997823547575,0.0110733675356573,-0.00908489722253676,0.00998829245903622,-0.0719101682697158,-0.0428012255034791,0.0111781410684406,0.00281441551044302,-0.0681629649489697,0.0248792439457393,-0.0221143123371608,-0.0186977267439713,0.0507909401353723,0.0124363824197724,-0.0594509923189466,0.0047288569067463,0.0672156814053844,-0.0255305656259842,0.0355354284958432,-0.0603565637594038,-0.0438195093561995,0.0124252285884436,0.0557377647433577,0.10489769411468,-0.0707165090652637,0.0676164769625471,-0.0741277460710444,0.0283072328628288,0.0244025899565448,0.00148245813870936,-0.0899221888047515,-0.0280053853309278,0.0118742629920004,-0.0821306519989666,-0.0523808448735298,0.172550558929024,-0.109643931650126,0.234049530985763,0.0332230043731387,0.13531381079539,0.0613231054427628,0.0615744359815875,-0.387081907796011,-0.0668028335360078,-0.18071529055571,-0.037329629990697,0.0345776156207187,-0.233227514081014,0.0578295756213006,0.160156496893884,0.017852981171984,-0.0356928293665894,0.0190362341211072,0.0530263990226142,-0.0747766953927086,0.000957287449624986,-0.0227516003310218,-0.116382964325037,4.24599375123719e-05,-0.167345050597324,0.336617074278543,-0.0130366725866053,0.376561550339602,-0.0816939574096318,0.361861093684219,-0.0177246114089449,-0.10704209714442,-0.133471950682574,0.115650193627844,0.10339585455528,-0.0682297967092048,0.0262115122659364,0.0493003009358846,-0.0632569982360776,-0.0810812305245327,0.0132260619186893,-0.00722943143261502,-0.0206986655387985,-0.0175022583688582,0.00308385275710137,0.00375799285472584,0.0188986293161629,0.0342650771994959,-0.00209562937197044,0.00489111060239447,0.00320746227855489,-0.00720072253993746,-3.98339749790546e-05,0.00229927442767589,-0.0020593886857039,-0.0180092350431174,0.00740187622664433,0.00404023809239334,-0.00297404534866141,0.013841848255875,-0.000250130985962065,-0.0169946252667704,0.00175088311656357,0.00411436850282331
Weather_Condition_Drizzle / Windy,-0.00104589267881874,0.000223131434892412,0.00486744686140464,0.000490388835737261,-0.00153045464249324,0.00213531002988173,0.00171265289628364,-0.00387676751764682,-0.00295750966822765,-0.000981069139151431,-0.00603001239475355,-0.00132165926877765,0.00874336416224715,-0.000387949204665341,-0.00456366465720881,0.00614151836643651,-0.0221806774777913,0.0411604637475735,0.0348142879100504,-0.00128373786182226,-0.0255829501167456,-0.00887657244013688,-0.00453755880207984,-0.0140983615169262,-0.0177113699315223,0.0300334203708232,0.00542652974348142,0.0140342377968197,-0.0125058042605434,0.000235061365874227,0.0167445236920263,0.00232839660465467,-0.0090397022338429,-0.0420472678282207,-0.00293734075868958,-0.068200450589788,-0.00111276965259569,-0.00284631552276928,-0.0192259674777705,-0.0118708411525176,0.00516323565006005,0.0219143812725965,-0.0373626491249586,0.121316151438757,0.122339033041532,0.0499287627462075,0.0910964021845557,-0.0857707306344284,0.0735405226252781,0.00407370105808391,0.0114661286144074,0.0854793502547041,-0.0293916917295285,0.275353499871685,-0.0807731017017035,-0.478764121635348,0.088758215529473,-0.171567854275689,-0.177182882311148,0.0610274128439857,-0.331926659335096,-0.0404489885442051,0.296600791236832,-0.115128716856707,-0.189458617967181,-0.0267194894588745,-0.0272969301184095,0.327632006880036,-0.00984072956074804,-0.309618101114398,-0.03063647028558,-0.0693711800210625,-0.194863911517595,0.00063615402945833,0.00269809169198259,0.126644625216561,-0.123401732282881,0.0160631083797095,0.0352775651096283,-0.00792226699468433,0.0156719386980082,-0.0414808973177504,0.0263342877423521,-0.04799839548766,0.02855214270423,-0.00669115931264307,-0.000558353831830762,-0.000126040032381923,0.0365691381926866,-0.00751673422438095,-0.0134453277492756,0.00990045613175137,-0.00257260803751814,-0.0204194814630708,0.0278500406282358,-0.008500971470788,0.00145679089386408,-0.000366767908574735,0.000927625493710338,9.04015410723899e-05,3.76843579059879e-05,0.000930541958938689,-0.00144233404182988,0.00230191243852979,0.00163193420405176,0.00247064015446145,0.000222765442676245,-0.00148528006173077,0.000202647651141894,0.000336555753707623
Weather_Condition_Drizzle and Fog,-0.00028106808700457,-0.006609117625451,0.000123226360998511,-0.000901313385638422,-0.000960179798756251,0.00080655448804999,0.00141842068431658,-0.00600493266876358,-0.0063731307415845,-0.00137738652719236,-0.00447758780569333,-0.000792141707920059,0.0057188815817128,-0.000645295120689239,-0.00777375392468101,0.00323184931446149,-0.0118006733883937,0.0215940059355727,0.0222746043443143,0.0393142407712901,-0.00569385903497454,-0.0248200423264749,-0.0225707544541924,0.0082912656560283,-0.00589504035173979,0.0140376035046339,0.00756694289707713,0.00259299236075245,0.0121818785089252,-0.00826506582635982,-0.0106176789575876,-0.0054916573412468,0.00263531930067776,-0.00169262028637758,0.00162415276351024,0.00268962446205463,-0.0214945746365788,-0.030328413216436,-0.0436578108559802,-0.0229169728058651,0.0529698062211294,0.0267331044498263,-0.0344513171852263,0.044900606861228,0.0178659436796041,-0.0400713850000044,0.0154434942437194,-0.0913229053975055,-0.0801393962450027,-0.0299714452915618,-0.00535610855441622,-0.162735496869461,0.0757494816075642,-0.22738588376995,-0.00589644233108597,0.225546805327105,0.101303165670857,0.228030720387422,-0.245989487091057,-0.202399072165144,0.07083276306704,-0.202715940683256,-0.0388169896206763,-0.0297681496361577,-0.250301008930078,-0.246806886533249,-0.356067959487636,-0.0732191415461432,0.408757040087091,-0.330122600359953,0.143146323620705,-0.169484176751959,-0.155674924772638,0.0183480795837511,0.0342238699938518,0.0958327231475955,-0.0256008369042919,0.000433143562589614,0.0430452202994358,-0.014930680568041,-0.00423557480800064,-0.00766039668710141,0.00659758739470565,-0.0204894337418972,0.0122124575296684,0.0101609832596981,-0.00534352085709485,0.0062722188048933,-0.00591377602857285,-0.000929309917591926,0.00334886915336299,-0.000294187008120997,0.00114308404513322,0.00513208703771115,-0.00650177934824169,-0.00125233576317161,-0.00258118154155668,0.00298036909801896,-0.00113357582827152,-0.000520479082075941,0.000430813132489818,0.00204654974500789,-8.77393498281033e-06,-0.0015822893064867,-0.000157957257131504,0.00902139617874256,0.000751816873275458,-0.00262914487549258,-0.000137675850520432,0.000619428927076236
Weather_Condition_Fair,-0.0889638411890401,0.214698387810244,-0.417016093234469,-0.227258060066263,-0.105566628777477,0.175896709185604,0.125571674350866,-0.327456241597083,0.199991005322785,-0.172939064973128,0.132433650050568,-0.0767276388899938,-0.0420191812508227,0.0751689334608727,-0.0814489502227935,0.037676696071829,-0.0524233492782734,-0.0293193213728386,0.0300512101387639,-0.00514248583492109,-0.0140656252155921,-0.0640748455445708,-0.00159881406011846,-0.0531421392508901,0.0136196101256565,0.0279502599957635,0.0123729047363773,0.0166461927385781,-0.025889838567941,-0.0155335395061271,0.0199701552465228,-0.0101912143666932,0.00215039195275555,-0.02530485486498,0.0141124645346821,-0.0121485734469282,0.0177533590734712,-0.0158618404153118,-0.0339262932856369,-0.0125373578171585,0.0124954984027697,0.00806005374891706,0.00953847311780561,0.0110902652676113,-0.0116856993778836,-0.0170203736749598,0.00588544969463349,-0.00209231152091315,-0.0035812234740237,0.00347293750189906,-0.00202799739143489,-0.00221552172901146,0.00269379773078881,0.00368452402021276,-0.00241938912005609,0.003061124555069,-0.000682270980610003,-0.0011829148282125,-0.00184316581268315,0.000972433989898571,-0.00207202648586956,0.00110556562808324,8.54437416169627e-05,0.000321703855516547,0.00130411035458301,0.000752180959489328,-0.00391433660780374,-0.00469582129553778,-0.000469429773315055,0.00610320653499774,-0.0111399238373725,0.0104955090559795,0.0147802687917566,-0.0208132556897061,0.00742881318023833,0.0025969071199233,-0.00814082440298045,0.00491943534795839,-0.00186691468528367,0.0118640424638427,-0.0166431030287213,-0.00963302738595024,-0.00940118427596874,-0.0315521443278789,-0.0367831698669688,-0.0229496233430183,-0.00989059091391214,-0.0348601960533518,0.00680956203904297,0.0383204143881836,-0.0152506530208642,0.00297775849557189,0.124132958306808,0.0441481137010328,-0.0198903063327294,-0.0722688759627761,0.0542664035459657,0.0198700559948737,-0.166992526913622,-0.0158535932398038,0.012215646902325,0.0606774603070979,-0.0637323504178364,-0.15379773098968,-0.082325587656841,-0.162796696493519,0.00292325078522309,-0.530957733433823,0.057053411123969,0.126932087143032
Weather_Condition_Fair / Windy,0.0227625392964635,0.0341932130715578,0.0599735804975933,0.047271164848759,-0.0428879790372531,0.116742811221203,0.0356993713897983,0.0143778202873988,0.0661991301188636,0.00257690087408823,0.0269131317800035,0.0465789313273545,-0.275239985844313,-0.000307573282740636,0.0171478271088249,-0.0213668515763628,0.0143977878787255,0.152477963456747,-0.0216061369511012,0.0948161283647783,0.12825970424924,0.135967968984965,0.0802736072269663,0.131998169655204,-0.101291064699363,0.0281344507769587,-0.00363883604326341,0.0716362542276741,-0.120490672749317,-0.102588153314342,0.063690524338043,0.0194986816832765,-0.130522040773723,-0.0489249448472761,-0.165308408450525,0.0923333865275866,-0.108827965798437,0.0258327894715154,0.0848540984342235,0.232046602703702,-0.116171606079846,-0.0349923964103459,-0.0990820019470307,0.00216289324432955,0.0266582516596645,-0.0214244774062737,-0.0770869396049852,-0.234734645965068,0.0647588433174857,0.0237773019373068,0.0922972402220263,0.0332327566382216,0.0555380778946409,-0.0622050592454887,-0.0227510811199429,0.0485332489625856,0.0253566902582535,-0.0443337733724696,-0.0111013523945822,0.0303054086175276,0.0195878522254886,-0.0295483903833818,0.00175676622663665,-0.0013727199209051,-0.0243446711557585,-0.0292099304509108,0.0268909972705197,0.0614791710750252,0.0255985832238469,-0.0107889213879612,-0.0199229359304058,0.0270699728278695,0.0564608852343524,-0.060364148455926,-0.0562839934419474,-0.0938560333634354,-0.197827016570649,0.0372174845929799,-0.106739664646732,-0.198060788500344,0.0438768204906584,0.0355125777416175,-0.206960361745923,0.331128771324181,-0.00838812948715876,-0.12942642766987,0.100949213484433,0.0840295261646864,0.10513051471984,0.28704495649041,0.0637484815328203,0.214536247419634,-0.124100145231528,-0.00442159264523093,0.0459915870499358,0.0932046214103919,0.0428682706709028,0.0160837030128943,0.00993158371863882,-0.0118989873001237,0.00877530770090245,0.0320511563232847,-0.126380885066009,0.0521056206942125,0.0751201669050614,-0.0236461976877034,0.000366695142962512,-0.0613660527272798,0.00679654110709938,0.0138309702212368
Weather_Condition_Fog,-0.0740595868641091,-0.332720612666837,-0.0304488106131671,0.0631077060380588,-0.0851179735964894,0.0344104366268643,-0.00819785451267794,-0.216381450876986,-0.223670592393396,-0.0421092262484942,-0.0714742618792243,0.100716099018289,-0.182047270756778,0.000827131523635049,0.0933033895715783,-0.0743494829070399,0.0424857185011183,0.120829912078175,-0.0139650144584538,0.0382142149531625,0.107785830058636,0.0113894065201522,-0.0493573656593455,0.0357089449055944,-0.0171073009062433,0.0291069557138943,-0.0177558937254364,-0.000173346587146874,0.0566295924421868,0.0122024017834881,-0.0322880855708915,0.0765286051251823,-0.0224833436448824,0.040300306669229,-0.0813555863506676,0.154843818878676,-0.0955957284532118,0.133247351154091,0.138482893608962,-0.0968030564178672,0.085384036975445,-0.0127720262406527,0.0839161880566031,-0.106053501473407,0.0668843725362002,-0.019005698641656,0.0577501982175035,0.0208477787199455,-0.012554986498628,-0.0581876377003226,0.021837875003625,-0.000374505530103215,0.0152103492237611,-0.0255321042889214,-0.00565338114687686,-0.0029954013327345,0.0190231614211363,-0.0213477661780899,-0.015175867604299,-0.00192413282766589,-0.0224379219172038,0.0104634804278794,0.00336387869584081,-0.00656844760259212,0.00812983184918642,-0.00339865267323729,0.0052886302855146,0.0164551565605206,-0.0608216289242883,-0.0551584904795581,0.0215279619603749,0.0125145220547783,-0.0211004251468627,0.0137040284550231,-0.00858178816100308,-0.0234293311493138,-0.0159481434999817,-0.0153571453870018,-0.0563265374546703,-0.0645743138440835,0.0201542279437214,0.0739389532240239,0.0152006051719741,0.157889179585951,0.0420044611440651,0.10305307323535,0.0173038712260748,0.0717849889853694,-0.0129654550714505,-0.148515236978144,-0.13732952797502,-0.247588447996731,0.356265271881406,0.146145150679519,-0.0166576763810819,0.00555368333639229,0.0344225123183709,0.0669055379772399,-0.0799303750386724,-0.014008309058868,0.0101423299633137,0.0023852323209615,-0.0528043769234005,-0.0208632919358143,-0.00698096957923159,0.427442321148464,0.00306110684295055,-0.136994026538879,0.0147586370124139,0.0273468020704703
Weather_Condition_Fog / Windy,-0.000111404439394261,-0.0129542593790248,0.00534593708132057,0.00942914505319204,-0.00364010865136234,0.0228384646164673,0.00871449678871488,-0.00109465488018166,0.00249372230375752,0.00157376964426426,-0.00121254162638777,-0.0126774381858354,-0.0328706922085494,0.00921896297121972,0.0468884376152409,-0.00971123303162625,-0.00839554442358256,-0.0400430297519416,0.0592992327600808,0.0166163709365727,-0.01668356866153,-0.075049717056849,0.157362396120347,0.0481229455743634,0.0164434675281811,-0.0371113552862427,0.00892030931102282,-0.0574332888903227,0.0191404004740846,0.0542987096766636,0.0051502708798939,-0.0555583641875048,0.119189117006301,0.112645606513896,-0.0127484832430506,-0.00745884732990692,-0.0856182504777442,-0.0889829830287298,0.0623856576009019,0.00517015904768934,0.0261647700925867,-0.0616122580708262,0.0606519444337798,-0.139951976170839,0.115875532181554,0.0858305621462366,-0.0948099041808668,-0.0250543604650309,0.0534983419169332,0.188503275825555,-0.196490586196913,0.0888616426925192,-0.15210574233897,0.0576883125791446,-0.241968894518082,-0.0346371673415725,0.0592723847333664,0.0467769099778671,0.0863511727849672,-0.0348306499004309,0.082756577833474,-0.0425810334585192,-0.0234415833007719,-0.0133425099681935,-0.0593059055329129,-0.0300146805778883,-0.12239996334527,0.0475660530650578,0.00390632197281973,-0.0436265647133865,-0.0426150226303323,0.0780373776003872,-0.0618798004447792,-0.22190813255909,-0.258298522526036,0.00978477821895033,0.270808240112297,-0.59533501196618,-0.0880014616946974,-0.0473284168482913,-0.0321168829163926,0.0105186730003343,-0.194837650575321,-0.0540764525252674,-0.0868086483120067,-0.0299098846663212,-0.000146486039614819,-0.0395658349433416,0.0397471323106073,0.0502701522033637,0.00586755582216201,0.00199150398870604,0.00100469780199557,0.0153394238197688,-1.16988191719344e-05,0.00370057810135317,-0.00165163110817149,-0.010279596897438,-0.00148756637825627,0.00365253158192501,-0.00154016136592662,-0.00366580443835899,-0.00692976616148849,0.0109411327447988,0.00689030303915034,0.0176618143376368,-0.000314800423444169,-0.00671635832137173,0.000925383651872541,0.00171803157058424
Weather_Condition_Funnel Cloud,0.00125371159457791,-0.0010866416142313,0.00140001040982182,0.00141654999945616,0.00275982985504608,-0.00345377832918241,-0.00286260893894527,0.00154525853856401,0.0119706882697641,0.00147821274063952,0.00663707861343823,-0.00133435883229595,-0.00208475303341237,0.000443400149067002,0.00942016373376203,-0.0113749356296584,0.0101906715639092,-0.014395511075271,0.0232217789012046,0.0169863459141311,0.00366414107985021,-0.0547309179578652,0.0248153428103431,0.0255729351441605,-0.0096459038055459,-0.0146753329695421,0.0512883448694847,0.0280292980644615,0.0151522821637296,0.00733572219222294,0.0209436661740176,0.05999232976463,0.0613900578096432,0.00473011304672302,-0.0233632680300531,0.0200333688226633,0.0351365790529223,0.0348283688103395,-0.00139671693140508,0.0179732847302216,0.103025625912348,-0.0382331290362086,-0.0769066962018648,0.179789090732172,0.0745939498333576,-0.042247606384687,0.0940208164269817,0.00803331309458109,-0.129874230615587,-0.0157427135762295,0.0215216084975783,-0.0613877097010466,0.0744692335867591,-0.10037349647904,0.148399417368278,-0.171173240139912,0.166197477400978,-0.490175822250247,0.0832700542151559,0.119217582929202,0.0805346166952573,0.159885439351524,-0.0169544955099078,0.0364300076973324,0.254982000204567,-0.0597406142809036,0.154743085888617,-0.217015434582432,0.383939936580563,-0.151291744217073,0.262418409034125,-0.0466613158290574,0.164622103739968,-0.0567507189418766,-0.170691263636584,0.0950642857454392,0.0788079889570201,-0.138420033075596,0.00854103872019842,-0.0205148922438333,0.146564004627001,-0.0110240706602935,0.0133995024339068,0.00532165561414133,0.0133664611994107,-0.017432345962747,-0.0435350707304142,-0.0162678022534283,0.012543660185386,0.0175448499896874,-0.0105426521738047,0.00140844928032403,0.00514709466451617,-0.0205617905964983,-0.00651754216833703,0.00253719677784615,-0.0045598792035211,0.00647400757369736,0.00674136252658036,0.00421080491485189,-0.00217917582087397,0.000393503282340776,0.00318120597379001,0.00102508821022839,0.00041139592464737,-0.00138052151032593,0.00023006657796205,-0.00372633227897433,0.000241264974198332,0.000905102080227049
Weather_Condition_Haze,0.00164569876787436,-0.054113327942404,0.014578528808436,0.0178876279292746,-0.0198695681052787,0.0122403729648231,0.0057691179432314,-0.0815775685441499,-0.0320648805346864,-0.00880343342284024,-0.0611864986425497,-0.0274056968427819,-0.00667899971519773,-0.0264569907246242,0.00953347284574819,0.000955312801835015,-0.0126085682220334,0.00346326112461928,-0.0169859744649132,-0.000846649116612771,-0.00730123060437423,-0.0277692320268531,-0.0729510524994196,-0.081197002254281,0.0410438693776963,0.00984964316251728,0.0282176338906676,0.0595262555559344,0.0423548383024283,0.0620603013297554,0.0750604208933488,-0.134060514353086,-0.046086397832799,0.0258146926259259,-0.11028190632696,0.152534677961371,-0.00855554199712997,-0.0281948836626343,0.0120291106184318,0.416234933779403,0.374453374568258,-0.0224341076367398,-0.410356331038499,-0.0607352161908203,-0.0883364227839165,0.373691727091066,-0.00169819854508123,0.0445173609082903,-0.0335202305784799,0.207416803747549,-0.101884889360018,-0.0459082501538445,0.109701158256334,-0.0201926982031249,-0.00789389689010752,-0.028945512024345,-0.109180561903681,0.0536534831743428,0.0669909412435662,0.00974191876169394,-0.0383559592494285,0.00666253050485029,0.000560021445996844,0.00555403996980277,-0.0207289064259507,0.093496721817404,-0.00482183986053723,0.115296998980396,0.0903583502595935,0.110730711374662,0.0607437468286821,-0.0466857549521394,-0.0559050200892285,0.141854161189864,-0.0592146147547634,0.051411000311648,0.0709373365036161,0.0785948922358893,-0.0169669245234889,-0.0327816001609208,-0.0477317501597566,0.0698744620181368,0.141267549708736,-0.105826067609173,-0.119564451924053,-0.0331326985680947,0.0139458574685349,-0.0124544207386271,0.000405059982652892,-0.0691187181006735,0.0463594598322203,0.0455914478173775,-0.0495872807939478,-0.0182164414982202,-0.00238244584413605,-0.0117798194571226,-0.0213862218440751,0.0373556137254232,0.00452030219306307,0.000861885750061032,0.00105159712036092,0.0228111005158934,-0.00362748452601072,-0.00967127777446098,-0.00603501316548303,0.0839421752615579,0.000226634282922818,-0.0470462958895605,0.00514100164390472,0.00981117886656307
Weather_Condition_Haze / Windy,0.000695609528993787,-0.00346391905583073,0.00778376145038071,0.00531188866251912,-0.00810534540966168,0.0113783151801644,0.00258084908880669,-0.00716075365040332,0.00428221827765808,-0.00207067330703529,-0.00103285442168055,0.0157544115636359,-0.0158906314225383,-0.0113591874355872,0.000520117959662805,-0.0089997337473839,0.0228791029487218,0.00894602580348454,-0.0427358997472003,0.000498355367807295,0.0243355533422897,0.00810351395579993,-0.0216157120447229,0.0299382025073937,-0.00523547778295636,0.0295358883956644,-0.0216008825293711,0.0794716731959009,-0.016108579871227,0.041034368779894,0.0141863855739966,-0.03099386579141,0.0189528004472773,-0.0367444906540726,0.0444255771327201,-0.0427840762759763,0.063666140901291,0.0516550236044412,-0.0251760699931626,0.0273727962188647,0.0604601371035871,-0.135806422301465,0.0504493803304829,0.161247227066681,0.00793649663025458,-0.194092167656344,0.139987693001076,0.194578382334171,0.00841767424050559,-0.0973875832561702,-0.298785026939876,0.0594221551068659,-0.228725823179451,0.268500905759665,-0.246201948154865,-0.0242478652193648,-0.00641474954480441,-0.0138562755213069,0.0529899395698804,-0.299720872327835,0.110109356716759,0.0171303168463838,-0.00769928406330015,-0.0666964309135194,0.00478169600379955,-0.163489566526238,-0.172837326987969,0.127793263744424,0.132762817068456,0.2667370565619,0.126465206083786,0.000771173529078472,0.273471411795184,0.235968916302917,-0.131623103389007,0.134324315125309,-0.164453712825028,0.109842883451844,-0.118661625062721,-0.0918229281993088,0.0102275109493,0.12068996521787,0.00310706304668879,0.0685208971795669,0.00100711019613686,0.00114434567483242,0.0166190770308628,-0.000329899688564991,0.0161903714656987,0.0121533213685119,0.00730929481743938,0.0104731400988627,-0.00551577530075811,-0.0169945353809349,0.017607645165462,0.0115583189593579,0.000516679787034046,-0.00519632539630328,0.00147470521962957,0.000995279369590086,-0.000131398077729815,0.00145639275403165,-0.00761109612545841,0.00653346242297982,0.00581928748650462,0.00844073314028477,9.93949036317904e-05,-0.00592356907891645,0.000735077916864458,0.00137633724517912
Weather_Condition_Heavy Drizzle,-0.000459502090333669,-0.0100309386073698,-0.000916781342137843,0.00628436810526823,-0.000672444259162105,0.00755405381940136,0.000577027935386828,-0.00134759074649156,0.00725641739047065,0.000468285326182682,-0.00770653916771098,0.00194848514718568,-0.017046135295112,-0.0108824163481038,0.0192170833238823,-0.0163281460923549,0.0313692190192146,0.00817661348160464,-0.0287092565033091,-0.0208433385451645,-0.0555025313530503,-0.0240231017695235,-0.103362103874852,-0.067842610923736,-0.0579284423874733,-0.101371557698265,-0.0294151632025505,-0.0903286124913817,-0.0216664558512004,0.0515806653655281,0.0339450805305085,-0.0210680553875774,0.0329670367661261,-0.0202540370205478,-0.00667894109247883,0.00385865844159936,-0.0786925936360529,-0.0821064367125426,0.016404261642201,0.12298597346618,-0.0395763231967363,-0.0856112805933996,0.114087353902417,0.142434593247395,0.110894955122926,-0.147377996709442,0.0436698981846386,0.025226676101666,-0.0670969545869609,0.00143399627095322,0.130906463023415,-0.0693758468121511,0.00671119328962282,0.0502927960568164,-0.26025083468207,0.179320401656406,-0.161787480647802,-0.0865145371394748,-0.186534416369699,0.173594321155578,0.132405941222531,-0.0886645684153208,0.199307209373321,-0.0661209387711701,-0.0579157632259517,-0.014862533885157,0.249982181948044,0.0503246954667884,0.246119208812224,0.239014406943826,0.0354846184528829,0.186888735783051,-0.287699520105408,-0.176530731807151,-0.0182670201299247,-0.0590875164416111,-0.0278727782520401,-0.0519712882310982,0.0562242143318044,0.201939872932991,-0.116445953531097,0.207915880561056,0.284605285415965,0.10650587526946,-0.0676400609869138,-0.0174338124529922,0.00257199012472919,-0.00239942416630898,0.045454333252204,0.0121051113390949,-0.00180799567845925,0.00195025998852438,0.00710184303111248,0.0121185298469762,5.63643309434321e-06,0.00272578321590786,-0.0042739905604152,-0.00662134375826983,-0.00113219492451459,0.002008785190311,-0.00118189470979829,-0.00153297744436323,0.00334658003889199,0.00245278001549683,-0.0001273686256986,0.0117438887600752,-0.000762272296068339,-0.00463522534428843,0.000404173905788285,0.00118163472913606
Weather_Condition_Heavy Rain,-0.0113947537217467,-0.182200146095735,0.0767500705355509,0.0536454111910873,-0.111560364018283,0.0695188690917504,0.0142826400804765,-0.158967626423799,0.00737325877218309,-0.029441902907987,-0.0872274346161023,-0.013344780687006,0.0561035424140989,-0.0243895897323772,0.0354998328892813,0.0558330459430802,-0.0836349589964277,-0.121882471448512,0.0589413883114234,0.0324807120667373,-0.0372793675731861,-0.0487644186403556,0.0086279758914615,-0.0489270707506657,0.115136046542771,0.0900027690896516,-0.127229216897129,-0.0033512633361954,-0.0785971349827357,-0.128358737344314,-0.0341722934457849,-0.00588495461358182,-0.0297664519912907,0.0914419876316895,-0.152191982692623,0.123446968759206,0.211400987112225,-0.391905857964333,0.208667873725892,-0.0249591769562493,-0.226930543011953,-0.253068260531313,-0.0470154327220846,0.361095194661973,0.0266542420209194,-0.0575134954637735,0.0778645262160464,0.0524898220314238,-0.00958723059637889,0.0629723925664743,0.00848169620369856,0.0262441801390957,-0.000915848841222915,0.00272883019859238,0.0111590550153339,0.0269285517128278,0.0141921554581835,-0.00621878390552236,0.0221677453387652,0.0143006068066045,0.0050021839619071,-0.00177333707974656,-0.00482344248967445,0.004105845632344,-0.00487669909669841,0.00706793119835637,-0.0388006778492604,-0.0887383498414387,-0.0258920113825383,-0.00338355531907942,-0.126897751576063,-0.0618798229572329,0.0152482205081376,0.00636493245913571,0.0522948471544494,-0.0688002586215407,-0.000110930073330982,0.047583371363323,0.119904484257676,-0.0203283586098429,-0.0932676732072865,-0.0822470832730553,-0.109302760322763,-0.205161633411558,-0.0687095951549675,-0.0624709603520572,-0.014257298897768,-0.0396345201353842,-0.0232393584474615,0.0507233271377562,0.0366553632409517,0.0436479927411851,-0.122688833506367,-0.0356481284616322,0.0252203503866729,0.0489125038665231,-0.016654116832661,-0.044045171027258,0.027383760071221,0.00866525811354036,-0.00246842907427927,-0.0370836018095825,0.00822480396029951,0.0450559976915915,0.0105651779991391,0.261903256254921,-0.000579386638030436,-0.100754700166826,0.011882621953648,0.0234176200640794
Weather_Condition_Heavy Rain / Windy,-0.00083801755670887,-0.0397843705671262,0.0493780625119823,0.0295905846583912,-0.0601682284612479,0.050820198390134,0.0093331415404906,-0.0356612152720915,0.00435533099969638,-0.0113906971553593,0.054147882986092,-0.0388048865338382,-0.0799995374448317,0.0611747331761792,0.0224138020172953,0.0101774520029648,-0.0582994654157883,-0.0699088763822121,0.00172281881498064,0.0183619924955976,0.0280843127947473,-0.0289779835865534,-0.075977647673023,-0.032133812723218,0.0181744856884736,0.0235218315610824,-0.0344771110018782,0.000754769131992858,-0.045643437643367,0.0354011349558992,0.0422873699842183,0.0303475654181162,-0.0324139729877176,-0.0303872210325263,-0.0589991297892684,-0.0946635826752889,0.122143520909685,0.0127105684235897,-0.142211256367066,-0.140065725288423,0.15520391476185,0.195567324201409,0.0266805716422256,0.0566717373716486,0.205473221810394,-0.139732372860008,-0.00965711181939795,-0.398676744454811,0.0293326263734076,0.0678413182664137,0.0516294318649655,0.32061819780171,-0.104281599054772,-0.0106477854970717,-0.0475537533969031,0.0274077927731316,-0.132799920717937,0.0310464694420647,0.0837614318168612,-0.00632437924242714,0.0341428124128107,0.0455012731395473,-0.0436934480775116,0.0064345507390893,0.0718166239705807,0.0229139388527063,-0.0764197783025147,-0.0352539772855475,-0.132601943267542,0.0668593740335705,0.375686061089399,-0.0451849285551213,-0.221675636732793,0.181711681624234,-0.0952432887217964,-0.0644643840813385,0.244508682387731,0.117167741590372,0.183045175809941,-0.0267464714517598,0.0274176398920279,0.0452337354887368,0.0196139296420133,0.0143612988401053,-0.00530115053685493,-0.127810293945232,-0.0565951507665034,0.00527957288661597,0.0124724574127983,-0.0342989758791323,0.00833025881708158,0.0143506279166968,-0.101582895582971,-0.0190302377992656,0.0240524195426848,0.0419522756599931,0.0189785072412335,-0.0623762403230698,0.0219215145787739,-0.000224591576065446,0.00125868990201461,-0.0099781513863043,-0.0450199315007072,0.040986881123512,0.0410297347290903,0.0704761705128529,0.00109283764371857,-0.0298631409554506,0.00428558644098508,0.00708123317345793
Weather_Condition_Heavy Rain Shower / Windy,0.000359977859549193,-0.00311462086277302,0.00222594094038635,0.00108268058210676,-0.00313529771263307,0.00154910588861748,0.000155764856708209,-0.00263433328932186,-0.00218253963268681,-0.000328269245694081,0.00375406823233654,-0.0119097424251427,-0.00889809887931909,0.0107185660186942,-0.00307074714378798,-0.0329983154206266,-0.0220410999141451,6.49027638734254e-06,0.00829621045071001,-0.0252988038066322,0.0149863877147148,-0.00706938501935576,-0.00674777933612119,0.00851942200087261,0.00266999309173163,-0.0031929148103056,-0.0111529732284487,-0.000129212231218261,-0.00212722992785089,0.00582207970643063,0.0158303085210815,-0.00575201789992666,0.0143500175355845,0.013194696366061,0.00367890505510705,-0.0111178260531046,0.0482569623993474,-0.0597369160409725,-0.0363659989380167,0.0458059603678716,0.0239079683145493,0.0201719068951676,0.0365851227150369,-0.0358881707007761,-0.00174616245550565,-0.00814356166882526,0.0309446941828621,0.00464505121816597,0.0225187571028732,0.0376211600891063,0.097818800841025,-0.0118088813648083,0.0347900239124751,0.146078325243025,0.386384375806736,0.280935917509275,-0.123504433348162,-0.235240922184933,0.411402099222797,-0.318691986075088,0.0382863301460891,-0.0109577202983476,0.240954068770328,-0.14118544699729,-0.214122697648293,-0.222985978895199,0.0607560912364449,0.0549523906142522,-0.0159388468653442,-0.163850885257941,-0.156021880584707,0.322365694850257,-0.109372341484674,0.109424014846882,-0.0601410614948077,0.0616628181645958,0.0709963377797102,-0.014713401320426,0.0144593686113994,-0.00391879932802832,0.0363165189670709,-0.00126877972260884,-0.00305204987469525,0.0331334340423816,-0.0174851572536037,-0.0214671421121086,-0.00398041329624294,-0.000942149859149843,-0.0132448642482391,-0.0212362627195909,0.00136231167937171,-0.00630448051825333,-0.0114345713023673,0.00111594829545108,-0.00252930675278294,0.00545546020576716,0.00353925905883234,-0.0018005213174166,0.0022020577073798,-0.000391680799973324,0.000326894244206066,0.000817661974564969,-0.00237177340880497,0.00184340004202057,0.00186805900487019,0.00465647371522539,-1.10416784428805e-05,-0.00168982693264493,0.000205538612464832,0.000392830196896299
Weather_Condition_Heavy T-Storm,0.00167727502589694,-0.147898610168375,0.0544081224968968,0.0366886794849467,-0.132108514440003,0.0671949705167726,0.0160204469866599,-0.136570009883398,0.0079407387032477,-0.0252895944359136,-0.138425267546376,0.016156651495317,0.0647041250794726,-0.0805093911582492,0.0154692639113331,-0.0424870214508803,-0.0958918950595382,0.00738833771134208,-0.0560955493006638,0.0159297442632902,-0.143766230641217,0.000416085534079402,0.0203168696890829,0.00880180922540632,0.0911054811197075,-0.0109133648933777,0.160000369033275,-0.0103583060324549,-0.00430923225363229,0.0912328988855848,0.0784435979860077,-0.0100071594790617,-0.0341169723131597,0.0133752363913836,-0.0407005494800672,-0.0197284982914115,0.149063385978236,0.270581506158031,-0.213404050088531,-0.0046883907278923,-0.208030228961785,0.20535412362367,0.179010699382499,-0.130090379030364,-0.081003151829896,-0.0183371638641471,0.0140957169863823,-0.106036523571558,-0.138089534246494,0.20356150967711,-0.0333820453990606,-0.071517556484168,-0.0411604219370934,-0.0243981487280485,0.0228736402182915,-0.01591629748549,0.00523860558511294,-0.000791023464443852,0.0543754428641155,0.0534536612472464,0.0326457208908969,-0.0275371758832748,-0.0134509030181796,0.00715544421881806,-0.0184152624290699,0.0150009853255779,-0.0162141942948435,0.0930545700236192,0.079515482552198,0.0599298731352673,-0.00873601243616677,0.0659689729601764,0.0809571785475703,-0.260356783394168,0.0308089691737226,0.303937655533655,-0.0663362419107205,0.135813937889157,-0.14764911074474,0.154808144458953,0.0812705300325007,0.0490095759526996,-0.0542375152963866,-0.167535959666692,-0.0751998831497314,-0.046407968255296,0.109807505409161,0.0291416465727344,0.0338677363808448,0.0372353460898909,0.0466708330883697,0.0886048539910911,-0.188923888889765,-0.10109925357327,-0.0276575145177039,-0.000851210600789673,0.029815605105531,0.000501497346082637,-0.0387900677292348,0.0079213788859563,-0.00666923288304414,-0.0386626016505966,0.01528454367887,0.0416626744866469,0.00956698000557059,0.220830647486968,-0.00168863687947811,-0.0854651291879845,0.0105010431972613,0.0202124611745003
Weather_Condition_Heavy T-Storm / Windy,0.00614203479011864,-0.0492335410279837,0.0469254906552008,0.0335027927006055,-0.0638629985522266,0.0625037850126658,0.0135878608081525,-0.0601691252504019,0.021864020220233,-0.0181006037534342,-0.008206630775262,0.00691830798336614,-0.0732657304846459,0.0109565164646807,0.00543861865002054,0.0177969137888211,-0.0280345256561987,0.0432444801912911,0.0787962467261604,-0.0577394311459821,-0.0318569279327086,0.0217275383541081,0.0150007624769927,-0.0123351042361932,-0.029495986870243,-0.0446497800104904,-0.0503787533028497,-0.0222713847831612,0.0652896295710304,-0.130550699698933,0.0311997860762154,0.0393511995985145,-0.00484431005648465,0.0244696650111761,0.0283896395818195,0.0606461813548699,0.0554616214510264,0.174777431753853,-0.113824192414139,-0.0587190413382148,0.147649936182167,0.320158657650024,-0.026926068393788,0.0816863205304856,-0.132237618690893,-0.118659260780217,0.000341384093483547,0.0741764177210801,-0.101557384162351,-0.226260126951549,-0.28221755237066,0.113484378978533,0.142368989372488,-0.0396143622027529,-0.0833145018844899,-0.101287730741037,-0.0495640507587232,0.0559098540209856,0.0244820725249384,-0.00397378331187792,-0.0366560297672465,0.0362877264731861,0.0141315350763953,0.0150213197332888,0.0145412235284872,0.046888554332458,0.023029993281566,-0.127212919657357,0.203743182693833,-0.00196235303729079,-0.437275739201866,0.0786784752267302,-0.123049254825568,0.126505795902769,-0.198105514232347,-0.217046941547371,-0.0193547551563152,-0.0937303569407634,0.122269857349547,0.0613242456274876,-0.0581394932079884,-0.16972973397008,0.0700520215277324,-0.000660065024286396,0.107046996086639,-0.00512228345635,0.0451066036824905,0.0262435299257526,0.0727385120512888,0.0901890197548038,0.0222880258791262,0.0718591895050851,-0.117098912396004,-0.0450127772612113,-0.0184216591518574,0.0353796413198668,0.0233528211317167,0.00309078774456814,0.00212332674566503,-0.00216254599471642,0.00168332056065995,-0.00449034331573701,-0.0351601498815259,0.0472223292174721,0.0435858382441,0.0861260498154597,-0.000234106773936993,-0.032380194036268,0.00410697586770693,0.00758706517894081
Weather_Condition_Heavy Thunderstorms and Rain,0.000735534564803588,-0.0729040721347667,0.0441302547855215,0.0296511423653351,-0.00977465549247032,0.0177503887392932,0.00479063814403419,-0.100274337914223,0.0414252040533679,-0.0199040584045008,-0.0278663269776878,-0.00232998706805982,0.051013877369313,-0.0534212576289843,0.0284661444763524,-0.0156390721359453,0.049960326738288,-0.0462553446691454,0.0924138845982966,-0.0154103480185683,0.115510072290718,-0.0900030108000183,-0.0156149457876608,-0.065865822789858,-0.111465682179148,0.0603946070150999,0.0480636540276002,-0.062081881055368,-0.0270921916687296,-0.0217187349690628,-0.089612338228653,-0.0445068791815929,-0.0683675790999049,-0.018605002352274,-0.0255732375566742,0.0218561124215772,-0.023241177121428,0.0609946445914793,-0.0975430259312544,-0.00944962109987051,0.121434303548276,0.140097985330005,-0.041589929175355,0.025810960179786,-0.074880707106127,-0.260870305829728,-0.379552293469593,0.233342544096735,0.54253746836976,0.180714115778888,0.0524424149531702,-0.138607211518991,-0.0399863578954277,0.0609943028176894,0.0107804341987002,-0.0269271832612877,-0.0314287118644789,-0.0375306204590427,0.0271359653413145,0.0479390718852499,-0.00191626871834486,-0.0106602568178217,-0.0178025616247924,0.000380598543284566,-0.000911065866234294,0.0119185494772701,-0.0141003241485551,-0.0878340565002437,0.0333126508351883,-0.0795100612629052,0.138624265680266,0.0216534079934536,0.00450944225794759,-0.0238166293277546,0.0289423212268979,0.0422396585824104,-0.137459871927432,-0.0244993833577073,-0.0200851053719911,0.0443560111199719,-0.161776445476217,-0.0861702068214699,0.0221480950678346,0.0647480231324545,-0.00899684891572941,0.0161512388199313,-0.223954886439155,-0.156010912181593,-0.0390405677031009,0.0681038639062811,0.0298158443992631,0.0498468950468519,-0.0551821657909277,-0.00432827407255061,0.0153016172149285,-0.0273686167269622,-0.0380718064107135,0.0511560051995116,0.0671370711670827,0.00189739296587364,-0.00233722047780468,-0.0190353704038939,0.0107230629846809,0.0272058225518588,0.0122328897894628,0.104793403117258,-0.000196648801432148,-0.0342451572285699,0.00400869190643252,0.00740433844023949
Weather_Condition_Light Drizzle,-0.00582093025438096,-0.0248108645058533,0.00801794168659984,0.0124298138534669,0.000649331135937944,0.00732748938404418,0.00561026626157782,0.0162316978505626,0.0070229393387851,0.0079526799186504,0.0132780767761191,-0.0311376439747593,0.0275436232400081,0.0212808471328103,0.00731191316719368,0.00847913093961725,-0.0614928496761515,-0.0342909154506257,-0.041805577343441,-0.00556200784147122,-0.0237712115764841,0.0128428734213959,-0.0537928332469285,0.0648367795299082,-0.0864668946240788,0.00369293736558373,0.0481621875879681,0.00731351670446126,-0.00461678570639668,-0.0299298078176164,-0.14379753712697,0.0145672116254409,0.113954059535155,0.026312665063594,0.120645483762949,0.220134923466261,-0.0956539642758964,-0.0423133883940766,0.10633067999359,-0.0508151925550873,-0.228463872935002,-0.0970888937805773,-0.0657488556052752,-0.237683744093092,-0.165071719386886,-0.0697553443153933,-0.269240365310802,-0.238829060060006,-0.117269846451091,0.0651536626650181,-0.119540311840869,0.0666544643625006,0.147904412808527,0.244270258499954,0.00821655989872972,-0.143460784592497,-0.108217640607179,-0.0319000379650836,-0.0202615133378536,-0.0110761048946401,-0.0482707001547199,0.0337875826477184,0.0145836924683142,-0.00571826733559208,0.0340838589696405,0.0322004383463102,-0.0872295806762795,-0.00821770391397023,0.279234270005605,0.0537204574345938,0.14260330119143,0.187446527226499,0.04793201392168,0.280524647539015,0.301192881648452,-0.0807308373942027,0.0163973245034522,-0.0940952079715175,0.0815797251928824,0.163153850128909,0.0652762931614417,0.0241253910589465,-0.0454354514480345,-0.0633454229268179,-0.0311073260116733,-0.0140991945748636,-0.0566363313808561,0.104199938427551,-0.060591312378894,0.0676743224722097,-0.00942089008605544,0.00243929716700593,0.0429370852997071,0.0474910770277791,-0.000793634669460294,-0.000711488150286925,-0.00751630865101484,-0.0117393062348866,0.00243381079826284,0.000154352403342508,-0.00283871876185327,-0.028720479094308,0.00793999422226378,0.0104261578335821,-0.00135679944832005,0.0175159234521325,-0.000475936317633199,-0.0374760256038198,0.00548487714087322,0.00864821019119977
Weather_Condition_Light Drizzle / Windy,0.00041706885840392,-0.000244401306974957,0.0047231607835943,0.00673340670285264,-0.00216724829667553,0.00699663387308855,0.000695103958909304,0.000699007462055015,0.00339376396761288,-0.00063380265272831,0.00924781241057844,0.00177679259939445,-0.00247962792688809,0.00164759085738208,-0.0125372339921432,-0.00817327666440654,0.0232572642110513,0.00656172565504889,0.00092547114389306,-0.0264251109614419,-0.0456066721337153,-0.00172238681056525,-0.0456934205292368,-0.0216313728867159,-0.00444610282823246,-0.0445714325776301,0.0748777253789748,0.00828563174199792,-0.0690276230866076,-0.0628186733909093,-0.0193447609051208,-0.00556170718652168,0.0697674757386853,0.105542292166794,-0.0310021952772903,0.00223727529203277,0.0519781516969109,0.0806043334267434,0.143226091616933,-0.0332636037911247,0.123777400190643,0.000152818437920762,-0.0542564875911207,0.0956259141912283,0.0825937680539701,0.0120861578349026,-0.0962769914561169,-0.158257295841378,0.0822902791623897,-0.0497891167911583,-0.0279900576367708,0.180362964874763,-0.206232734604012,-0.246216129817879,-0.214608253726753,0.225893859684312,0.113794500595188,0.108808833659633,0.110754450931609,-0.15651807608804,-0.377339515586335,0.0642791718810284,0.0953699434277842,-0.0887071494406873,-0.126224552459151,0.0603842833645108,0.333937922976864,-0.00366254056050256,0.100777186616504,-0.0897037755964866,-0.0146618945313024,0.01132579584171,0.347733017751893,-0.0234619294136433,0.228575103837978,0.0773817009936486,0.0191851072087794,-0.0730703490207258,-0.00921344823751416,0.121395202719621,0.0572181228749162,-0.0483252370825418,0.152308035958786,-0.0232055618973273,-0.0289509206023549,0.00480675335263779,-0.036522991889645,0.0309447408266986,0.0734155089549784,-0.00184897959403277,0.0658720505588765,-0.00795782309153737,-0.00298198078321338,0.00162114736966422,-0.0046904092460833,0.0117900312066915,-0.00111955093015776,-0.00358768013007489,0.00267705176408733,-0.00110440618541259,0.000236938358191933,-0.00240428821623561,-0.00471620525340682,0.00550017740944634,0.00722434108926514,0.000829609663615954,8.36688994975293e-06,-0.00390514509064833,0.00114914754640667,0.000998658320220527
Weather_Condition_Light Freezing Fog,-0.00112740362871406,-0.00387114387858959,0.000413100002189109,0.00138010159728706,0.00106261066570151,0.00484190564634004,0.00281044236817194,-0.00167261035901159,-0.00467654261071667,-0.000763156169038641,-0.00167434852361497,-0.00185174266270865,-0.00259887200719547,-0.000826761213515017,0.00127271639745458,-0.000439059001174772,-0.00252636768648074,-9.6296623750504e-05,0.00191695421434322,0.00251116923959952,0.00483829404673949,-0.000694035207264941,0.000267149015327446,0.0035810732180479,-0.00126731426479035,-0.00841451186457914,-0.00132949772742024,-0.00113931755401338,-0.000874459764004303,0.00654869587676129,-0.00498992069492797,-0.00609731430323274,0.00741055899724321,-0.00751469836124499,-0.00188933061800653,0.00514819534066467,0.0095617639144049,-0.0043783662983747,-0.0259680215669213,0.0259982666490895,-0.0301937386456923,-0.0213505726624217,-0.0152147393008269,-0.0234089775779153,-0.039157792603543,-0.0232831807901595,-0.00104969656423722,0.0378385038032841,0.0619532464548797,-0.0485416411903194,-0.0616521231923664,0.059961334756979,0.00856161944837012,-0.0753792504889325,0.115445226596273,0.125670489829616,0.308421639814751,0.27238804831324,0.135494451412496,0.194993957654836,-0.0865291708915213,-0.165260622993659,0.585766737595601,0.0461286414305302,0.520581247669206,-0.12580858959942,-0.164124164769114,0.106246494814364,0.0343524897597967,0.0698426900940654,0.0519748183829589,0.0328764177766769,-0.0246607369115135,0.0319302505966582,-0.0135741058825365,0.0051316318453187,0.00624249393196271,-0.020089632362789,0.013378442464075,0.00314686763072406,-0.0155185174499897,0.00496324025438172,-0.00789257844560011,-0.00253041702764311,-0.0130143474735278,-0.00235226785754792,0.00495120012017491,-0.00387369759748367,-0.00268539682730823,0.00165250292388543,0.004590220608437,-0.00114872649345869,0.00417056030574064,0.00593009015459667,0.00375979846991217,0.00796429965057249,0.00327060390872512,0.00670558107023944,-0.00141935560437113,-0.000304182120017911,7.74543063633417e-05,-0.0047075595404338,-0.00244222948529344,-0.00206680814341423,0.00112867287862063,0.00508033751830313,-5.25522899443236e-05,-0.00148958060088098,0.00120645882619397,-0.00071159940975386
Weather_Condition_Light Freezing Rain / Windy,-0.00223571189945227,-8.00740712803539e-05,0.00488941655801458,0.000550577437309412,0.00588276499101955,0.00833835855306543,0.0072904204376759,0.00255637899649308,-0.00161554582634948,0.000130890422855044,-0.00193952970616922,-0.0114732159520874,-0.00280570510966017,0.0175365776066386,0.0105629977347178,0.00116189339935261,-0.00845167795638841,-0.0472055494292728,0.0476830556471863,0.0115454771356954,0.0155666148094853,0.0578159357246681,-0.00218155251268166,0.00285179654937899,0.00333606392467628,-0.0121818455688922,0.00503595694470591,0.00692214343361881,0.00943140442993365,-0.00367199991387162,0.0216669799005049,0.0131989192761714,-0.0276706486160561,0.0164666187355545,0.027631431170599,0.068616729358755,0.0182925587003109,0.042257654316161,0.00348621706224779,-0.0834047823866412,-0.123936983754408,0.0208928399563585,-0.168089132334553,-0.0772480742045411,-0.0580168726754993,0.00396859739265784,-0.0990953757262882,-0.0976812904531067,-0.0267569185273559,-0.163993662664494,0.00700903767775341,-0.521620167259353,-0.103692086789172,-0.200712854823948,-0.3709607123981,0.063772137288738,-0.0673841909786928,-0.276969209566178,0.0190919089659989,-0.126485228409968,0.00161880676149733,0.229171391596519,0.25223570600299,-0.0820997282179493,0.0567072761330446,0.0504815840984155,-0.158926142528917,0.0984870724203093,-0.177091193776763,-0.0287048814965493,0.017717345516429,-0.035035789329344,-0.0194261519994956,0.0484503825477972,-0.12440106765743,-0.0873332721969573,0.185689507596828,0.141600115190031,-0.0100845159267838,0.0992524837612899,-0.0461597937185909,-0.0711267700304485,-0.0654950954451621,-0.0745015374180856,0.0178878711257649,-0.0428417574330334,-0.028239956729724,0.0195342086933785,-0.00403949072470386,0.0425091021355583,-0.00269785883601078,-0.000702503056556938,0.0118491555922836,0.0159054749152735,-0.00663066454286573,0.0237812362834486,-0.0245826069904654,0.00302437735026859,-0.00194080007497319,-0.00122410039097037,0.000590527709006635,-0.00152149956188984,-0.00604885803774781,0.00354419247988077,0.001730759826728,-0.000372105977122877,9.13303856786843e-05,-0.0015644570493124,0.000272164983956802,0.00058386880136242
Weather_Condition_Light Rain,-0.015621765921258,-0.157390368476524,0.0744153818970487,0.0505108877130435,-0.057633410106286,0.00149699990436742,0.00411578227096985,0.124825222147533,0.107953156868209,0.0419130400541949,0.140184830748698,-0.0634597528547428,0.298417056892828,0.0843139182090237,-0.326998084001275,0.171206182287421,0.0804186271823903,0.0173304905718242,0.0372103532142675,-0.0377226930938742,-0.0814483077344628,0.125910984921822,0.161893052990111,0.192117740247419,-0.263664676873285,-0.208516401880599,-0.1441790123077,0.0540025162031347,-0.181417210333809,0.438610118272245,0.0748937075458161,-0.0295869879037024,-0.123422977814555,0.164884203321981,-0.0667086035283615,0.0293477623326272,-0.0370713220494794,-0.0175712054681449,0.000819300290425003,0.016431552615041,0.0630293609253641,0.022023082413148,0.00439079554536787,0.00270983629605007,-0.0131510424235494,-0.00251636696207694,0.0136909495643551,0.00560113356973336,0.00134201174711734,-0.0125367393168401,0.00741737872252039,-0.0013182306437929,0.00431774456032013,0.00118874743932785,0.00438156049039214,0.00971451661206394,0.00133643275088969,0.000312117822050211,-0.000823697987013567,-0.0043714876102866,-0.00117598752292041,-0.000190385580784571,0.000774563265880318,-0.000671052033542045,0.000664613041689345,-0.00136245167751184,0.000593911495352352,-0.000348281167044515,-0.00715618309587226,-0.0026726307827951,-0.00173818132838377,-0.00626298761993847,0.00594059818439599,-0.0126430416861797,0.0156921705353527,-0.0124207506479152,-0.00224674456159119,0.0203497646785462,0.0552931162476918,-0.0651137119469691,0.028342099333061,-0.0580392896572011,0.0269225434669657,0.00635537009921656,0.0930780760988506,0.0670119116843791,-0.0091866782333576,0.0404209346155979,0.0101059848375367,0.0515438420866428,-0.0201374222911709,0.00738887854271325,0.0802742710569699,0.0242404577467605,0.0505407005939573,0.0438582840825466,-0.0374531225852437,-0.0696988191093834,0.0226931855022036,0.0257931238280898,-0.0261240523882168,-0.17182363923197,0.085608910551441,0.0822241235957381,-0.00287730748065384,0.0943792245174163,-0.00534821196874274,-0.229435397113885,0.0277906416299191,0.0532560837822402
Weather_Condition_Light Rain / Windy,0.00320759492248676,-0.00890836939736612,0.0569789597071181,0.0431015043665155,-0.0582150283530758,0.0627977054198075,0.0137636477342638,0.00741952100486706,0.027525303219068,-0.00468948870672795,0.103502582659889,-0.0122546294256071,-0.135181824854659,0.0664389547212829,-0.0138955004278853,-0.0356548786105934,0.0247553708067647,-0.0419325715263084,-0.0418827267381672,0.00243211086314618,-0.00744560032650574,0.0513117025347675,-0.0966218257916435,0.0644564885638678,0.0253610007605902,0.0415257153190718,0.017541706987394,-0.0611131891350217,-0.135021990598417,-0.0445346717676273,0.0895385469879289,0.0255899690536964,-0.0134092105176525,0.146444774840456,0.0974168139667826,-0.170023720130855,0.161015897487108,-0.0258042402836301,-0.183857009656344,-0.143506214034492,0.168555353039317,-0.219315823688064,0.135694615090781,-0.0280869245769719,0.174336127575318,0.145556522749761,-0.0648988289327198,0.270950363089064,-0.000600734245127293,0.150044813992791,-0.0341984747664042,-0.134702604200875,0.215997694728468,0.054879309299351,-0.0702385550425862,-0.0647054902992233,0.0128521062097582,0.0676456609603221,-0.101521656976907,-0.000846636104029749,-0.111865971607003,0.0499780344893364,0.00858019496924677,0.00282211977819723,0.0638058972369532,0.0485838570934489,-0.0913119899356905,-0.0673906730196931,0.0457538587608729,-0.16440833728974,-0.0707382188100059,0.204473879264807,0.0857106653056151,-0.00673817191403845,0.155411297839442,-0.159667833502609,0.243162901914689,0.149071757325388,-0.118142982651998,0.0157945608840792,0.127088808648993,0.211271974436137,0.00513490757099876,0.155438898638268,0.0439920373355474,-0.117423502916522,-0.00923063187408275,0.0162644352593417,0.0443378563453897,-0.00105155749985253,0.0970217627047517,0.00710603698858315,-0.0815332857531362,-0.01745220414803,0.0286407160868985,0.102246609021374,0.0304499538100895,-0.0703448605146764,0.0249016945202609,0.00300270076746105,0.00512766091779965,-0.0127836794364179,-0.064403206800464,0.0625547697714317,0.0590557410012389,0.0224726544416959,0.000993520784808617,-0.0414520341137863,0.00490099737754119,0.00989749719822313
Weather_Condition_Light Rain Shower,-0.000625775217118934,-0.00181378594822492,0.00252047371506845,-0.000808485856841026,-0.00323276545188545,0.00172282154357569,0.00120853764887538,0.00121072190003996,0.000529327758344956,0.00207041969670972,0.0109147054497323,0.00146932054266381,0.00131799093793324,-0.00472876213691977,0.0207619502703903,-0.0194293379169115,0.00295121311512337,-0.00251420728986166,0.00336177385716546,-0.0238253845822482,-0.0112601512724624,-0.0175426746995429,0.0200639723815888,0.0119301911250863,0.0103897945580718,-0.00548023323780322,0.027499490774855,0.0649013495239226,0.00735768831840039,0.01005857221359,-0.0013531819523389,-0.0191375022909498,0.0213484500471445,0.102599944905414,0.0668523597872817,-0.00399255422519507,0.0152265976127854,0.031508416346646,-0.00148998999961516,0.00860270457129955,0.00330087210554058,0.0883562356397388,-0.125930834211382,0.13712420767679,0.00271312106297268,-0.17804084749989,0.0918678314747171,-0.0758048735588318,-0.123260765662075,-0.0568854626228994,0.165766898665278,-0.180959886922736,0.274008954147988,0.383213672457818,-0.228149572718672,0.20035935680624,0.0869474282039159,0.218828694193685,0.218179904414965,0.30528222825489,0.0942040462085031,-0.104552592336347,-0.0488176662750987,0.0519731380594017,-0.10107033336967,0.124003784840207,0.0962345868192785,-0.000613252464704371,-0.151166019619582,-0.265478798028727,0.0696052468758625,-0.0487269223874343,0.141270161027906,0.213533581702388,-0.115864800945271,0.0718137498352274,0.00269451677052617,-0.101931009188821,-0.177649542752731,0.0371466074392495,0.0685346222753718,0.000869442737845,0.021920701585053,-0.0398129647337513,-0.00360627037162062,0.0029551970080257,-0.0283784151170782,0.00422667555809385,0.0245783706883612,-0.00454709511066368,-0.0236553865525649,0.00835719365684357,-0.00737960832503661,-0.00258956131953731,-0.0269970357960383,0.0117150826916416,0.00699268511137907,-0.00248028412892326,-0.000305256000182734,-0.00275130891145217,0.00103595867784826,-0.00240805224243453,0.000454734115140279,0.000360607550696174,0.00106663968519594,0.00205244837266577,-0.000122152654831373,-0.0033115012531954,-0.000244753434389432,0.000794845850553302
Weather_Condition_Light Rain Showers,0.00022617438317519,-0.00301146854064178,-0.000690575158207358,0.000115910380709093,0.00531640550412889,0.000916863837037528,0.00161437943361853,0.00294784354399414,0.000368366175447134,0.00340775700150001,-0.0019469205512146,-0.00312711916819055,0.00666178743845615,-0.0130469968961332,0.00693133754366957,0.00147964570005643,-0.0138794703799455,0.00920300288498854,-0.00280437639016783,0.000399207744194655,-0.00374462333685464,-0.00601644117656921,0.0221949023654672,0.00663926047114839,-0.0173858853660114,0.0122617549380489,0.0125107706048357,-0.0151620407982217,-0.0214824092715686,-0.0284068699866705,-0.0791903202277398,-0.196758012494366,-0.167813126642745,0.0277312404423143,-0.0221962870083082,-0.154076900234207,0.0114539777272022,0.0189455747900051,0.0150495523873422,-0.138088693773655,-0.0235808524416997,-0.0252926375040096,0.0603088431726061,0.047638211843086,0.0759488505814586,0.1833058804006,-0.0280889812135374,0.0418171930037816,0.0428360798712305,-0.273473047424936,-0.113052877011428,0.186497765878206,0.305805038212863,-0.122179506163543,-0.158907689914805,0.0498583019687882,-0.00412559825942797,-0.251592034912622,0.289127352708651,0.06231646527669,0.090700426482929,-0.0675647229212593,-0.0311377911984016,0.0461056039444834,-0.0425104661024088,0.0688663362133492,-0.103467815840973,0.0870903545564312,0.0837949441107434,0.103140064215101,0.0936167530345573,-0.0637506760021518,-0.207111101406403,-0.00156966822319821,0.333207913477809,0.126746077817225,-0.0131686038462807,-0.0325597548849367,-0.309870032337794,-0.0501445740320332,-0.207289518775802,-0.174242425214826,-0.0181081195317712,0.0335466906280653,-0.022634237016987,-0.030721704027527,0.0116008679752622,-0.0172351690355843,0.00093567171982778,-0.018990701933188,-0.0065592153730579,0.00427798139260852,0.00695709956703838,-0.00392022380409011,0.0161069720814874,-0.00661577500355969,0.00749109525918259,-0.00329441910559638,0.00732570929497606,0.000224444122669035,-0.000347633057452553,-0.00233461978604641,0.00315720271318336,0.00162441827138088,-0.00071216285694474,0.000827380408933109,-0.000225586739679319,-0.0023377143142123,0.000341148601637468,0.000569212069295152
Weather_Condition_Light Rain with Thunder,0.0120146283164712,-0.0648281643423502,0.0287502351497328,-0.00050811823757338,-0.0857454519726814,0.00971245509373774,-0.00418266141534679,0.0172897526127756,0.0514636265264165,0.00674636217253052,0.0173277845194144,-0.00101481641269721,0.0682086006811661,0.0236076319943457,-0.0150264603047108,-0.0329157794775397,-0.0890755096464624,0.0299653823914089,0.0475953023046156,0.016577307604925,-0.0373045342411593,0.0739581892685443,0.0706102123837505,-0.0675213670480246,0.119038126164769,-0.0243832963958381,0.0400398493085621,-0.0712646573108822,0.0315348030113955,0.0145842100493084,-0.179715618398345,-0.0671580369507333,0.0574115938488692,-0.156886068886681,0.23925580939643,0.213600943368611,-0.185664697019407,0.374017160897135,-0.191351683185346,0.266429134188962,0.0475535886115509,-0.417699832070733,0.0859524023581307,0.109295888845028,0.169810167825414,-0.0597168815173086,-0.0695564398545197,0.0635120648994745,0.00120033919018052,-0.0953074683026081,0.0325348835772551,0.0532423208166577,-0.0669578300820963,-0.0312461047471013,0.0190802117666575,0.0273687812521481,0.0138503022011464,-0.00825626045693922,0.0322789004968261,0.00595067544887397,0.0406522023170983,-0.0108839629598037,-0.0117915118526213,0.00133594020589703,-0.00645290783373937,-0.019916356486129,0.0537390989100487,-0.0421450127101588,-0.138562504464443,-0.0882950337804079,-0.0460839758844313,-0.175930900548658,-0.114611904328458,0.115133704927862,0.092297578906638,0.0379358790438222,0.148047500640837,-0.0258050625356065,0.109853253601748,0.0870209064633112,0.00749710189533943,-0.043301832702101,-0.10318484214752,0.0280815084414118,0.0494572797169076,-0.00112967092048358,0.0934538268049118,0.00695602181876107,-0.0308992881060196,0.064856187381175,0.0405476168428663,0.0302368794893844,-0.103306092069455,-0.0813663977187458,-0.041329851059559,-0.0361827034911872,0.0153451585030013,-0.0186554972710963,-0.0438926840997018,0.00945381699671189,-0.0033936688165006,-0.0562669869931906,0.0357984209222903,0.0436099244938378,0.00549224698165564,0.0607413495355243,-0.00277868400498484,-0.088298695656745,0.0113781851309997,0.0210182080480522
Weather_Condition_Light Snow,-0.00305487320977362,-0.00498304858175397,0.000420611357066735,0.00534522298413563,0.0101734237971525,0.014577760545323,0.00847018283648989,0.00325910212899192,0.00189377271790771,0.00355661323880721,-0.000801695494786243,-0.0234315005356294,-0.0269195351060541,-0.0343257922339466,0.0290530422490012,-0.0223144632108431,0.0274910734064551,0.0004751599886343,-0.00286630932372618,-0.00222598862019906,-0.0508939317715216,0.0494670785431168,-0.07066979739113,-0.0508515656979099,-0.0388149614223358,-0.0919736199391541,-0.0287435547133376,-0.0535592325422086,-8.41219390848476e-05,0.0208677569393458,-0.0406462773999267,-0.00568033817284756,-0.0747611403557332,0.0167361741675689,-0.0175166879197151,-0.058612497344872,-0.0434479685308777,-0.0244002365282825,0.0202092810975239,0.104166761144916,0.0349757684112114,-0.076948255279844,0.0360120795709017,0.0298363619674704,-0.181408802110627,-0.0955470903547257,0.0580406561662129,-0.079029050779712,-0.0659288931494884,0.0323379453457233,0.349800330875622,-0.0258934751379838,0.0225445349057777,0.0218996319508706,-0.0633641296144732,-0.26233816535615,0.390676959939498,0.0812558847908824,0.314401996830176,-0.251345068373498,-0.144068159449749,0.109187289466667,-0.243452868449311,0.0527635546334838,0.0423975130959548,-0.0928071901953102,-0.194550354017495,-0.00540398031483388,0.00355713147244544,0.0836027159508265,-0.0344486440668723,0.00519548285494536,-0.0951087095508551,-0.0891107722946967,-0.0327884519566326,-0.114357913053584,0.0107610935921896,-0.0176220456988075,-0.0193497525379186,0.304994573756193,-0.172228173059472,0.0498934693939091,0.159691624496532,0.107632792844416,-0.0389532280619747,-0.0661896028624542,0.0322907693778279,0.00913947743210346,0.0169445583764654,-0.0262253305227719,0.00674175795196889,0.0561332673142357,0.037034104162956,0.0162968146960765,0.00815471213191827,0.0123399383755313,0.000645684536832172,0.00465531570978037,0.00484666934464867,-0.00590340518583114,0.0025940852857668,-0.00481353953626815,-0.00868903236399389,-0.00180402536906041,-0.00139962076107753,0.00508106983307752,0.000584191619004235,-0.00393939808581139,-0.000318862645211421,0.00105271782831811
Weather_Condition_Light Snow and Sleet,-0.000205060913005241,-0.003283313422307,0.000416592356451075,0.00115584914431122,-0.000245931975303986,0.00720181141311241,0.00376351677823096,0.00112287628658392,-0.00106818220682241,-3.10184328600927e-05,-0.00682100354846374,-0.00465300627182156,0.00169545988282359,0.0117824604766608,0.00603856887944508,0.00312480206029974,-0.00855056106127327,-0.0313976216835064,0.0309575516331635,0.00774308271594428,0.0168507387575218,0.0370540764392326,-0.00448977612695576,0.0045686630049418,0.00362425483931396,-0.0101297305594517,0.00259875715601601,0.0029501649555534,0.0134689490504071,0.0101049295221669,0.00710718534578452,0.0065291251557172,0.0082240735202397,-0.0218463902547503,-0.00506176312451605,0.0354123971496825,0.0286963258514163,0.0316934648057405,0.0369240934160722,-0.0766409098316551,-0.0188489914768472,-0.000198630578636687,-0.0142074396660805,-0.0555528112362931,0.0421726697426535,0.0141042475595802,-0.0268473974732112,0.0646979098200983,0.076871065426006,-0.0146701650096526,0.0294043858103757,0.0461721299403711,0.0267660344630111,0.0227608632401552,0.0162826944579311,0.0633108602580027,0.104251821676182,-0.0181009259896817,-0.0778222984484531,0.0542080391918277,-0.000965609429304212,0.173048567339527,0.0684469055654623,0.795483070411576,-0.268528962674157,-0.237740781457859,0.110715169765184,0.242930499954721,0.0893667661729032,0.0781118020043056,0.00910768879052461,0.0182721267178483,0.0627547525829927,0.0433963743692313,-0.0902992888885052,-0.0378606130087777,0.146042074535622,0.091578936306813,0.0479529903906714,0.0397813643205043,-0.0400797540505741,-0.0419617552615175,-0.0507884955771735,-0.0301860142574299,-0.00248051956797835,-0.0194841985929493,-0.0071009954386158,-0.00796755952189119,0.00150150306849777,0.0280181928630279,0.00416729021448852,-0.00373561574264629,0.00624689914755397,0.00544591250937764,0.0035931572099527,-0.000300557697711883,0.00078144358999025,-0.00104901274335254,-0.00204501269861626,7.75498146747597e-05,-9.71171114563767e-06,-0.00350436480296104,-0.00303989735620272,0.00164180399881428,0.000231834322581067,0.00392745617941236,-0.00014870562888089,-0.00157735651518258,0.000225420592636033,0.000407139774616959
Weather_Condition_Light Thunderstorms and Rain,0.0049567007917632,-0.0414031645602644,0.0350874250596907,0.0100161145775486,0.0225929457760812,-0.0216967348957121,-0.00453115075652223,-0.0375783683314548,0.0699862530955423,-0.00635393150921212,0.0122702626630844,-0.0164205614736142,0.053678096836243,-0.0093272177155638,0.000736370075193787,0.0215015985023222,0.105360213821501,-0.0807759260109292,0.0978553396712038,-0.0685660679502535,0.114128868608851,-0.109533815752319,-0.0237107740347594,-0.0379001223831797,-0.105752025936927,0.0462470428940857,0.0880985844592524,-0.0792090332024015,0.0120484104088522,-0.077607820942924,-0.0275395426307068,-0.112255740378076,-0.0499102172749745,-0.0431882563181551,-0.0326953087115215,0.0286934275418929,0.121413810587031,0.155457141343946,-0.11072715232641,0.0942677777816997,-0.19517682633643,-0.0927178140820826,-0.0875036532141972,-0.286820082558117,0.11368558808083,-0.00688221801674372,0.52602227100642,-0.216683991538904,0.133566150525146,0.0277976733279245,-0.0514382683297171,-0.0329447287334379,0.0467579716405037,0.144159971995368,-5.60059554134385e-05,0.0499771300139906,0.0253346103006459,0.0164776874093835,-0.101065332658751,-0.0811205447620879,-0.0461750883558241,0.0348210381839557,0.0178534740567782,-0.0122126544892572,0.0344360989469685,-0.0299654299448997,0.0262738322459352,-0.124775726454199,0.0643021367595678,0.0512479333105016,-0.0972741731038345,-0.0638163761180793,0.0560205329189392,-0.0525734874562099,0.0771042556041169,-0.126994309250836,0.133789361936735,-0.0373778053776798,-0.0995042277325345,-0.104346467887072,-0.0717871926653957,-0.119133011980782,0.15335902343639,0.0775268098880004,0.0305449682233176,0.000434402964597576,-0.25687245341328,-0.149254257871692,-0.0486146863696209,0.0522028811871945,-0.00592806958223945,-0.00506845100630571,-0.0339320458479832,0.00675704825605781,0.0240871340763676,-0.0222639306097356,-0.0556964677640314,0.0613519142209438,0.078388095154418,0.0119857923842379,-0.00762278750648022,-0.0331263581836599,0.0335327064645492,0.025105765554315,0.00423966018951654,0.0342602386148444,-0.0016183852570536,-0.039014110586325,0.00507178524358308,0.00689729815245407
Weather_Condition_Mist,-0.00911149280786869,-0.0459112572992376,0.00757768336908895,0.0192157780574044,0.000442717673264889,0.0158369471795341,0.00358566941089608,-0.0353303329843789,-0.0291094223769595,-0.00707916432578116,-0.00622693637005259,0.00671960749071747,-0.0285414910896257,-0.0164008497739703,-0.0111445704292657,-0.00687188894160814,-0.0448255256401868,-0.0298809918533742,-0.0242350892509868,0.0675342992666136,-0.00980272020334838,0.0206606597501282,0.0101395250224793,-0.0611317474977725,0.0460849402771148,-0.0186148053147309,-0.0334392591078666,0.0281044366169954,-0.0226347632031096,0.0342037685470856,-0.0179402783788738,0.00926844941040464,0.0843398815260959,0.102784213358539,-0.133023288622563,-0.11977143446319,0.150929902258719,-0.165594665190359,-0.334208753930336,0.265423194503816,-0.0834306765072879,-0.028344979148837,0.0558395731715073,-0.201022556943995,-0.258990807339161,0.128897769008347,-0.0490121889190085,0.00110961160965327,0.145261885907481,-0.46573093960653,-0.0405520995504161,0.0615777719935023,0.000908992712109943,0.108550157569867,-0.097300940055264,-0.0253235638840652,0.0913315611272573,0.00883406725846917,-0.10635281249994,-0.0566904419408218,0.0239058516451979,-0.0131000245466464,-0.00220873622025592,-0.00412756566399529,-0.0183195445841856,-0.0695857315311067,0.237363976302344,-0.168545094762054,-0.0405173100948431,-0.154088140599563,0.18989464199037,0.0541732458004702,0.0158764957490462,-0.030401326425528,-0.0188479582510799,-0.00803974755197424,-0.0161031427529959,-0.0106716020726545,0.128650207525094,0.0140835345807881,-0.101998796616948,0.0851916400898296,-0.156100074354277,-0.00534693897981654,-0.118288955924523,-0.0486645196284435,0.0654428091496538,0.0307552185638489,0.0311180704301504,-0.127370112604018,-0.0167594997521589,-0.0126766518251703,0.00754358308709621,0.0256138443567356,0.0174711717793919,0.0772293610782337,-0.0075657852012893,0.0187428409322723,0.00761810597406233,0.00245721982190934,-0.001881778911169,-0.00679136151172543,-0.000251354650341101,-0.00617293579677592,0.00143710462077472,0.0622730632062998,0.00135794952743832,-0.022706437537081,0.00220202495486612,-0.00262026860526642
Weather_Condition_Mist / Windy,-0.00096278615321511,0.00052740233722376,0.00381711064674237,0.00181327051553987,-0.00253012062700623,0.00238958843540809,0.000316428376848278,-0.00433891318955973,-0.00115521138804163,-0.000402398110589871,-0.00871180265915226,0.00123912839078007,0.0112563635163705,-0.00425892467979529,-0.00764753159418354,0.00932401278117258,-0.0229076224442506,0.0452955233870565,0.0308937414021131,0.00452761002470833,0.00251388753590641,-0.0116169056425669,-0.00934255886376755,-0.0113586666721978,-0.000981483676235827,0.00845453751000001,0.00479152021403532,0.00119733734679055,-0.001703336051472,-0.00066239135472646,0.00190415381763155,-0.000611022091004895,0.0084243861215731,-0.00469144415460619,0.000188890339992628,-0.0269244919937531,-0.0222132733984409,-0.0524206839766188,0.0170700772179428,-0.0590627676414323,-0.0219505365279087,-0.00817381520737594,0.00449913326493157,-0.0211767773289087,0.0849803016071636,0.0458059654329203,-0.0463022147052797,-0.0282261853301579,0.0514098529031811,0.0445616259418294,0.00560340859178907,0.0132304104747279,0.091104685148178,0.143705921982334,-0.0854669423351567,0.185962786468045,-0.0489416104695332,0.108661403580212,-0.0730386850417095,-0.278191831015518,0.125892569075965,0.312518794935936,-0.236851457293663,0.0272577890955476,0.515379979792048,0.00190192746160979,0.227314077820671,0.366361618044082,0.109145440499082,-0.262536766165656,-0.121588213033428,-0.0689295028970705,-0.196158397711756,-0.0268403189738646,0.0179155544865419,0.128646063381818,-0.126764345983027,0.0103659537377153,0.0573094210890672,-0.0120718212433935,-0.0107281907151625,-0.0388072802132179,-0.000605920388955322,-0.0409032697659344,-0.0126303412342676,0.0144588506261614,0.000924558597656733,-0.00621501053590884,0.00136780336157937,0.00839357003972152,0.00851679607304504,0.00505433952655998,-0.00273792562834891,0.00140785308633937,-7.9980968900108e-05,-0.00406444766702065,0.00228031976455075,-0.00226014047477416,0.00106599048654248,5.30953978800764e-05,0.000126464455605004,0.00112768088607704,-0.00151440930969496,0.00201474670450123,0.00140764529253444,0.00251574659933471,0.000255638885457411,-0.001511321854609,0.000205068845978545,0.000324031335755897
Weather_Condition_Mostly Cloudy,0.0709158324718099,0.0472341258560059,0.163817072425505,0.0529888450104465,0.0223246528127887,-0.188619517231827,-0.128481650012144,0.317877391886911,-0.273708102438441,-0.604838644742722,-0.131678512471074,0.0176905040802225,-0.0568639214054351,-0.197739638732218,0.17121896920421,-0.00836912971243743,-0.0249862187309265,-0.0490209656748927,0.0662428033107679,0.00154463285044802,0.0202295101899795,0.0403354878139562,-0.0142815999899307,0.0975939312197608,-0.0398482912480738,-0.0830589269845497,-0.0236140582303645,-0.00547093638058933,-0.0709666340355485,-0.0312461281902623,-0.00933185431375243,-0.00841192992892401,0.0314586165706077,-0.0129948592570092,0.00321811163334717,0.00228662148504514,0.0119034811700195,0.00513608936865523,0.00824828454504125,-0.0122131752068087,0.0136410240240316,0.00952871955649416,0.00750136091349349,0.00257804062045903,-0.00318440360146437,-0.0123528729997626,0.00300164721074814,0.00675957825635033,-0.000818380847596958,0.00175663919694613,0.00138327839270516,0.000487722583654961,0.00108937128529163,0.0021576954208586,-0.0028120323005381,0.00171162710882268,-0.00299656216866215,0.00213349946316867,-0.000245782801909863,-0.00147165031702973,-0.00265542369454733,0.000887159120856843,0.000873806749192314,-5.27747505533321e-05,-0.000111058387073336,0.00273538771667668,-0.000210484567511339,-0.00151258566497886,-0.00178126285609333,0.00295077612478092,0.00437391615778893,-0.00256575802297111,-0.0130478582039285,-0.0105631005342944,-0.000670404263327762,-0.00557997876137046,-0.00313556270862746,0.00392215814527013,0.00316130838269068,-0.0142091708833511,0.00760046333545568,-0.000209432482935081,-0.00234057272137019,-0.0269887591469706,0.00674397368743068,0.016269147002531,0.00211066703210936,-0.00366203771111063,-0.0335219858673189,-0.0807784616911689,0.0173818701273453,-0.0349459701183969,-0.0906681359852882,-0.05689205462476,0.0127565531998184,0.00517962662502667,-0.0289808638430616,0.0473736281983679,0.078849845171672,-0.0045977272676254,0.00281078900930141,0.0305979853655758,0.0358473604148463,-0.0144491582747192,0.00235567451900423,-0.125667510043847,-0.00179085390443158,-0.425938563185182,0.0474876548438465,0.0947639575037994
Weather_Condition_Mostly Cloudy / Windy,0.0253838534135635,0.0343243262916376,0.0693637561325908,0.0503369173938343,-0.0419922051508387,0.101927678760332,0.0313897350432888,-0.0294735742611946,-0.077132160023937,-0.0126851425058941,0.219853377822608,0.119145227611325,-0.0149226095767076,0.0365255980544376,-0.0767363305462095,0.00681819181274274,0.0758944290128047,0.10310498940453,0.039392642547915,-0.100240620039292,0.0426371404051588,-0.0850090445774637,0.00435712594655234,-0.0526479447556904,-0.0143048525620945,0.0107824314960926,-0.00312343227843881,0.0470478318651405,0.13773470900159,-0.114451554060326,-0.0105048490700676,0.129647849104373,-0.131029868947681,-0.00121149244774602,-0.0554453739714603,-0.0208751622745201,0.132778224351166,0.0722962633426388,-0.0302708917953673,0.00361837586599592,-0.0792240013549963,-0.178638257959241,0.20139374470453,0.00301875365259442,0.00654631020391584,0.268034934654144,-0.0895308271415444,-0.0835648085390639,-0.0633716343768041,0.05323270024858,0.060492553486036,-0.0605806544194202,-0.0200574182044981,-0.0442124744190467,-0.0560852634053789,-0.00846692446090933,0.00503993617905644,0.0153329992557009,0.0454319882398421,0.0331962024905756,0.0489065789476231,-0.0322700498501263,-0.0213889713275155,0.007979827895332,-0.0262350984175336,0.00357201366107976,-0.0365877018990861,0.0879801165996686,-0.00605585289552349,-0.00262684983029557,0.165646786023121,0.162469524606349,0.0581904687171787,0.109229295773072,-0.13006018918522,-0.0598741960753034,-0.152544020281924,-0.0983999818821178,0.115958034067665,0.0180644561180663,-0.0363440159278674,-0.163101104781047,0.144492612122558,-0.0499316912642331,0.0585386631597562,0.518077946555441,-0.00204498329319465,-0.147442087705504,-0.0473088313736169,-0.07035819634328,0.0264390954430244,0.0639047892397058,-0.134528504542986,-0.0885782766758082,0.0423662185569583,0.120415312850364,0.02005207697767,-0.0129259343127499,0.0184305349341617,-0.00742329113514513,0.00524924200547266,0.0193268371589395,-0.0976489264198086,0.0673942153051601,0.0797771674676733,-0.0228411227690043,3.39659120948248e-05,-0.0648704584213304,0.00708570652010861,0.0149837721041733
Weather_Condition_N/A Precipitation,-0.00137313391639894,-0.00806773173504234,-0.0019885493977226,-0.000695163126484738,-0.00328115764765122,0.00172940257875402,0.000102847222041798,-0.00745944348070124,-0.00374015647101151,-0.000490841980903454,-0.0187054790623351,0.0160488058678784,0.00572614256825474,-0.0122495730141681,0.0174497818122337,-0.0104955065099215,0.00901090349896927,-0.00907543288260325,0.00454489229042494,0.000681668087581474,-0.00681416837029997,0.0436710892565004,-0.0114121694079249,0.0169132734101358,0.00219234475671727,0.0186054989289884,-0.00943599410587996,-0.00632579536179828,0.0316393766178975,0.0269470324396117,0.0861493119221409,0.0820502795998545,-0.120396521433319,0.0888653946422682,0.188359035102429,0.0251720965013632,-0.180369821772471,-0.0343050589557115,-0.16182438649244,-0.329466786324569,0.00604881276597372,-0.329627323651049,-0.212127966670602,0.0417554463290658,-0.216011892586984,0.109449596691979,0.109304451097611,-0.166267180372275,0.194433831471491,0.00814883431169624,-0.126594266659144,0.0821321010975301,-0.181984980220138,-0.0153209786256773,0.0708765318463897,0.0295465068067754,-0.0509473227902524,0.0743499650211688,0.129722196718462,0.0645094273792619,0.0229031077029058,-0.0438595356273704,-0.0109100647883515,0.0119142430480318,-0.0573327639682673,0.0795508221445876,0.146009788031598,-0.0452886603059354,0.138816924351555,-0.0756764485086739,0.064655117742893,0.00736158770223651,-0.152552238343855,-0.0990972321502626,-0.221719268416041,-0.159414354075046,-0.164159451357161,0.140845718490039,-0.25439497368187,0.166945117169167,0.0524381362600329,0.0689074965685763,-0.0496631835724714,-0.103272691514033,0.148819366009399,-0.0452062017310791,0.0573363990219657,-0.0505218022770236,-0.0583070315393002,0.0110170668420389,0.0441042337973447,-0.0288289191592511,0.0184592550242382,0.0227801387911506,0.0025436632361678,-0.00879011570046113,-0.00475008512084507,0.00161951395365052,-0.00679075233639851,0.000543178877974198,0.000207947644736503,0.0019970590863756,-0.00329575211225085,0.000349159827328362,0.000514522563475055,0.010431658298716,0.000353600003367508,-0.00623950751619486,0.000855515133884031,0.00148690557338062
Weather_Condition_Overcast,-0.0078169322388318,-0.0669450846228328,0.0957624969089052,0.0787090305612053,0.239240125389414,0.0124242631707813,0.0376415308875003,-0.0046689505978989,0.154514929036455,0.0185949827662563,0.179987806614356,-0.261081463983507,-0.00216106754766996,-0.336867460990339,-0.135747173223343,-0.0350109264085594,0.0277791910952179,0.0508073053122906,-0.0664305518232445,0.0207291715544865,-0.0118738760477677,0.0460889007842187,0.00186893079117876,-0.0942184100782106,0.170589226132316,0.100802973918557,0.0306019745598936,0.00499769183522658,0.114909062565832,-0.0777619315567133,0.0328101221658308,0.0942664495061361,0.0219861502389741,-0.0687501911085842,-0.00478479702152187,0.0852632858895414,0.0184584637049822,0.0314526901253913,0.0092423004574611,-0.0843532165015908,-0.00334904217648445,0.00895918273719866,0.0117076522154714,-0.0024057571515356,0.0957536176127858,-0.0262310209243946,0.0168652210788684,0.0132990327343433,0.0174440380853863,-0.0292531715672883,-0.0329095822773985,-0.0115425187409699,0.0233358336786758,-0.0180343216520567,0.00573703548566302,0.00276676505665921,-0.0258141208600876,0.0126635532786297,0.0256294221948308,0.00992465294033676,0.0049151616086882,-0.0120863687697106,-0.0016615694743108,0.0044935846227009,-0.0132983686309266,0.0163118276069936,-0.0079426028190814,0.0138091233189271,-0.0103600674675386,0.0159484494313694,-0.000795671785760307,0.0170681442406183,-0.0230943156272385,-0.0249768069879975,-0.00970738693200329,0.0247222944757597,-0.00380557360764438,-0.035462643425452,0.0158760102587442,0.00441109635152112,0.0365851281264005,0.0508225811789742,-0.022343117665263,-0.0309072913373223,-0.0082732777590056,-0.0311913748392543,0.0492123961523244,0.0588944740382047,0.0488633500494424,-0.197528230004641,0.100186934947446,0.433444382135299,0.314828583246476,0.106142095566686,-0.00191474989851763,0.078185316256804,-0.130872516982552,0.128912603770904,0.320992448015072,0.0227649492497425,-0.0178859851586667,-0.0805531656001538,0.0422116896160371,0.0287630247137973,0.0108958086191474,0.0048852382291505,-0.00231429360725946,-0.132232981494235,0.0148871344563404,0.0215652285166972
Weather_Condition_Partly Cloudy,0.0740544530123275,0.0552004991217935,0.0775435848708664,-0.00496524141214862,0.000947688014926965,-0.176530982090087,-0.0915295856120047,-0.0720164846745063,-0.254459154667746,0.711747593303799,-0.0229300262675875,0.0264664754117433,-0.155570232251118,-0.153065288363175,0.0282738447337159,0.029247912484808,-0.0408045224141835,-0.0471831015540986,0.0997578228360762,0.0243709415450921,-0.00108609990328061,0.0510005514326522,-0.0111913915900777,0.0620404838828011,-0.0388324511215718,-0.0684874634593543,-0.0308379489053325,0.00859481084027565,-0.164387184692271,-0.0185937016389338,0.0496964436054603,0.000463057720320699,0.059425505106022,-0.0703122570485251,0.0428490781557383,0.0244534771082497,3.93740651600761e-05,0.0050774656936494,-0.00738205171112921,-0.0264401384576433,-0.00795476609289331,0.0136721852874138,0.00180116481491485,0.0128316112430946,-0.0114629752788399,-0.0198164920305555,0.00394290711790424,0.00259318249623811,-0.00242186577473193,0.00893176965192853,0.00116290098142998,-0.0033459740218324,0.00185776786546668,0.00640118877838309,-0.00586501570862585,0.0011116453732167,-0.00120591559587371,0.00280615817779603,-0.0015394716293751,2.90005217269025e-05,-0.00196305307298227,0.00174137547483755,0.00065340553228703,0.000293989672314061,0.000796049206669783,0.00183910668939594,-0.00422116200799293,-0.00413023227791986,0.00933921956061997,0.00954612382345196,-0.00711725467563826,0.00416095131485666,0.00255793603485771,-0.0185492573072693,0.00697641324259428,-0.00458639253909059,-0.00418675212382265,-0.0105787674518709,-0.00815300526590405,-0.00287146365165891,-0.0131014173151612,-0.041888984345489,-0.0141612393450625,-0.0134797995166732,-0.0273331958089438,-0.000714995756665976,-0.0152247764881194,-0.0373700250066948,-0.0447834044891521,-0.16170893566906,0.0107457677841369,-0.0430704644182755,-0.123733875865728,-0.0639490697544687,-0.0204425443040025,-0.0436082588502207,-0.0145184304588814,0.045207268677189,0.0549156875400464,-0.000982179339901613,0.0061813163954233,0.118361423413832,0.0216705055436059,-0.062609740891069,-0.0132198033389504,-0.108849240524204,0.00132132280041159,-0.38229448503492,0.0416027361973427,0.0829382418320259
Weather_Condition_Partly Cloudy / Windy,0.0231185145203929,0.0302347600018316,0.0525576248051485,0.0350918215665167,-0.0309063896413943,0.0864449199771051,0.0273326491842211,-0.0256506207940645,-0.0403961330528147,-0.0144170832300335,0.116169413986799,0.175584015889455,-0.107410936024714,0.00176751680975479,-0.131143601295338,-0.0111317156362782,0.0590543789430005,0.0233509043286426,0.0271679635263469,-0.0365805944697225,-0.0112374153994052,0.0477142779555036,-0.0205785299322166,0.0241843918034271,0.0973789794070972,0.107275679317752,0.0649767323925572,-0.100916657377961,0.0756855117079788,0.0955929894391652,-0.0332476914098442,-0.0638387307774789,0.0224858801824938,0.0560630689497148,-0.00181173846085487,-0.0715946746334297,-0.138169143385173,-0.154517472856699,0.162621353692752,0.000805099357489716,0.0601516352121613,0.101878704688275,-0.175974411528788,-0.0353774193900998,-0.0442681099465223,-0.2402326010661,0.0752703692438218,-0.057541908485208,0.0534503020978078,-0.131771367784829,-0.0546041092434462,-0.0176966829381359,-0.0425349949323144,0.0432727330544907,0.119652038746759,-0.0568304489381277,-0.000720162641212771,-0.0157152152822109,-0.0454095335767285,-0.00280176567077769,-0.00602311061401373,0.0294932170424343,-9.10736845696154e-05,0.00129069405259086,0.0306481983432037,-0.00277248931208817,0.0455397963817121,-0.044809335701906,0.0181835981109212,0.0357012123589549,-0.095735125891702,-0.0852407471512863,-0.0660468732628455,-0.0244389845870324,0.143916819108046,0.189058272233834,0.298128999957446,0.0760292109279764,-0.121221849727098,0.106103184153989,-0.0875507113479465,0.268684996636916,-0.153585808316366,-0.00378541385401301,0.0571766943246027,0.457565508856436,0.0686635828793733,-0.105491358714922,0.09084114281544,-0.00351888420152365,0.0839129675870145,0.0734904162279038,-0.14195020462926,-0.0346303485176355,0.0357646797190478,0.0761935914244042,0.0192735878476352,-0.00186524342457418,0.0102758786655993,-0.0132776430579428,0.00971254118045534,0.0295032490331563,-0.0836116414356075,0.0435998639642762,0.0620290986352048,-0.0185097739737125,0.000933149319590429,-0.0516405232228405,0.00544113313694364,0.0116842643406945
Weather_Condition_Patches of Fog,-0.00737181870603756,-0.0259965807377916,-0.0296031646322208,0.0122938673051491,0.0286266202133264,-0.00982683984251118,-0.0112972145224642,0.0483490542142417,-0.0226372280174086,0.00847971801255004,0.0723234384777415,-0.00366502821702445,-0.0488671074319598,0.0362175088787534,0.00644364361174447,0.0170925269852318,0.0386552108166492,0.0241998508813627,0.00264333180658297,-0.00711446276828985,0.0153639726190502,0.0435545526874176,-0.0168651309471573,0.0134172586160693,-0.0127757895113735,-0.0312737941970226,0.0133491825497993,0.00647421895278058,0.0324361106997722,0.0116885162149796,-0.0685505074200294,-0.0152219637042192,0.0214281275079357,0.0097654686014229,0.0432872771190566,-0.23108725296699,0.213378131895401,-0.0534984035639636,-0.160824498440117,0.172927873937136,-0.325980703262672,-0.0193343162751476,-0.0385164625143013,0.133605403692118,-0.090359717514905,-0.190855807019723,-0.0694276160992226,0.0268508634601164,-0.0412961605452883,0.237223892143704,-0.228750042382003,-0.118944619789909,-0.0134088771755423,-0.235526158272045,0.125708929634071,-0.147536092300824,-0.0776672860596963,0.117774746254075,0.161063007492536,-0.0246161634280189,0.0216747296855186,-0.0489116957282341,0.00725324127494594,0.00434669029826819,-0.085416240605001,0.132832225057933,0.217779713012733,0.24766394507967,0.0965757815482718,-0.0270419902837975,0.0256292184354989,-0.239320321792214,-0.0553742023710648,0.111921986252543,-0.0122701205991151,-0.0979011004220819,0.141458010527444,-0.0692689578536343,-0.0403818096088869,-0.0372213235130666,-0.0208437060781773,-0.0136567447997873,0.0109006090670378,0.223949075398053,0.0271855739486258,0.0231906261772866,-0.00414680892897167,0.0668646174107401,0.0424383311900211,-0.122181372628366,-0.0879958450020527,-0.0928555380664922,0.133888328060243,0.0590610231687493,0.00471679695072782,0.0386497601346559,-0.00223370333397348,0.0190884390418927,-0.00939958170824078,-0.00463498069452566,-0.000839635121668199,-0.0304255883936769,-0.00210340939438263,-0.00244999490485111,0.00173811455896435,-0.0024370307106306,-0.000317236082605735,-0.0258838942603042,0.000922177467153499,-0.00143564882391568
Weather_Condition_Rain,-0.0112070499984304,-0.162033878592147,0.062361390378292,0.0377692816726873,-0.0807059443846047,0.0451626502925272,0.0101567055566058,-0.0742414710315964,0.0221356090066746,-0.0119117896340733,-0.0130462077619656,-0.0478146698092595,0.094899523198597,0.000328256963589619,-0.0146874591348671,0.0294604643285154,-0.0460651448667299,-0.125710159263437,-0.0386114499424287,-0.000686833687915538,0.0225998222950915,-0.0010808353314504,0.00825956191105428,-0.0394387635996318,-0.0099186178444375,-0.0286267199094126,0.0464145965815655,0.0662125376230576,0.0270085411640352,-0.212963023036013,0.129834741027517,-0.0339678466834959,0.17155137581973,-0.208040680938949,0.184197374786373,-0.584863809987805,-0.45769456310702,-0.0382611340441867,0.153476791641287,0.120379133981591,-0.0275454016001695,0.048302934764007,-0.00247960676264853,-0.0106770915289598,-0.0684591710164447,0.0617892402935123,0.0144677507735846,-0.00976157759390628,-0.0107055834727857,-0.0136167101367471,0.00713666438666331,-0.0350151430631056,0.009433096116994,-0.0140887895791105,-0.00142050715071402,0.0256357368619626,0.0112337608863723,-0.00467659410281031,-0.0064040094586627,-0.00513996585329555,0.0129838924146277,-0.00308324619295749,-0.00276886123286254,-0.00355285932964359,0.00151388506335092,-0.0196129148774007,0.00897688976865219,0.0242032314779729,0.00542558130161108,-0.000204172808195881,0.0605168658344491,0.0684424796816114,0.0862414229825091,0.0172758992157393,-0.00961841242306595,-0.10878684917913,0.0235170970482677,0.0443295655092878,0.0367691318720156,-0.0825694883700899,0.0543730212662247,-0.10107130487801,0.0447801406380925,-0.0659852548151119,0.0567404084256778,-0.0196772850619867,-0.0159074336467393,-0.00927834232554518,0.0188837521456633,0.0120827715356075,0.00493011167579556,0.0420283742005588,-0.0460625443657676,-0.00414446062146788,0.0262192015879795,0.0191549894839255,-0.0225894618311281,-0.0519904381391344,0.0262695832182916,0.0101132333757236,-0.00975046610317484,-0.0810587011188742,0.0274128367741524,0.0465097216040691,0.000494563693282738,0.196505294952814,-0.00289071197347481,-0.115498446451787,0.0138505412281816,0.0267047958957878
Weather_Condition_Rain / Windy,-0.000408516197682831,-0.026726027182057,0.0385156699399475,0.0236456522813788,-0.0461457942591586,0.0372764039130111,0.00414644549144423,-0.0138331822130752,0.0221578631593839,-0.00392750084368513,0.0391409360900843,-0.047625590937641,-0.0803910332794223,0.0313513210272644,0.0312174350218043,0.0408060100751133,-0.0435376983814621,0.0185653384158688,-0.00968388294629601,-0.0326393108098526,0.00696829456621952,-0.1115317786783,-0.0343371809865732,0.0313613952783447,0.0373239450838136,0.0104794562343814,0.000592606705878371,0.054907665233588,-0.0756408003959286,0.0033439420617597,-0.00285004364122653,0.0391804200828655,-0.0130498141736358,0.0195636386742906,-0.0480944446990078,-0.152991303105979,0.0998433195899784,-0.0110679045210012,0.0474652858643991,-0.163040297331055,0.21831025290722,-0.178754697178836,0.134570485711518,-0.136036859941373,-0.06651702622614,0.0348876829725108,-0.158465217008019,-0.178953531226819,0.0600466031600642,-0.191271866605448,0.123955926996117,-0.321845729343682,-0.104030326340763,0.14433048264419,0.167310891012054,-0.0211161860596738,0.0296001456269665,0.0356258013149971,0.00991744845671423,0.0400190693657598,-0.0056328810883813,-0.0215225891853926,0.0416757313622055,0.00391260947555938,-0.0511690946415126,0.0569707692766696,0.0880522864753641,0.00507066821493989,0.133969376255473,0.310494173307862,-0.211070984579292,-0.348983571532623,-0.0982090491826569,0.0996646372438445,0.00245489941709159,0.163888762689278,-0.0376139947755733,-0.194862521469744,0.0333058481533529,-0.105936962975551,0.186240573709933,-0.0214452138618557,0.0689416540008744,0.0161983688861926,-0.0643297054639393,-0.142209953638554,-0.0299491115436798,0.0243923558997321,-0.05255560366115,-0.0095105995102153,0.0248964668157597,0.0156393310470989,-0.0594695344809234,-0.0247864194119553,0.0181046076047381,0.046500112727827,0.0181293785296983,-0.0576415159753073,0.0246966030671081,1.6658538867566e-05,0.000875758878044924,-0.00975097212276497,-0.0395430084320702,0.0349685749427101,0.0320497464568973,0.0456914915167709,0.0001502717406419,-0.0241078698084917,0.00262774183797687,0.00567228796008116
Weather_Condition_Rain Shower,0.000495453377528327,-0.00322740548135953,0.00281137693869875,0.0013031998927701,-0.00334997090117807,0.000438169669152212,0.000890341174074814,-0.00761908472559152,-0.00824824004769662,-0.000204337704165663,0.0115794774762858,-0.00950407455246192,0.0104854906816055,0.00137957312827955,0.0233076879530861,0.0226789334427697,0.0119942346410992,-0.0093812964373757,-0.0102581749384029,0.00913684966974412,-0.0227697476445358,0.00162663984833448,-0.00569336381180248,-0.00604653757202094,0.00233918801341124,0.0225682398124687,0.00500465869097256,0.00227544988620385,0.0173089854169255,0.00463926235972486,0.0105912100723532,-0.00492661380813352,0.0366849446116523,0.0952931541757457,-0.0100957697968145,-0.02592497873399,0.0266376298216379,-0.0320482175557888,-0.0685831287463011,0.12404390221372,0.0157345561175391,-0.015775957471971,0.0096015874337655,-0.137052682546786,0.0571655677946765,-0.0808431278550187,0.0875859529199764,0.0831686248521769,0.0529710395178066,-0.225959584132265,0.353653281640271,0.146198970515511,-0.264312177462921,-0.0932844176458877,0.033465396620604,-0.0344955903679538,-0.391314764636255,0.0134257767138624,0.148276568135272,0.235749329909058,0.046486957971892,0.0707915183935003,-0.0310493182908472,0.0210960984953855,0.0434078811325721,0.115916571019465,-0.31029879027274,0.251742781596769,0.275718432632332,-0.187158795896037,-0.13051184023922,-0.051647652422066,0.225890068555373,-0.00884221667645115,0.0422361540874839,-0.151572932534822,-0.0148905729375663,-0.0494304890066732,-0.0124296863332671,0.00804472214247572,-0.0202569576874554,0.0686674851434589,-0.00155427315391444,-0.0535353967995475,-0.0361560737767458,-0.0154560849620135,-0.0122273460182067,-0.018147126385254,0.00109988808985975,-0.0554053931507189,-0.0286328525051385,-0.00377563916296323,-0.0208391748137476,0.00200235437264291,-0.000929262588384813,0.00736022430155212,-0.00672814230425012,-0.00109560638369909,-0.000772846361660457,0.0036364067228699,-0.00210153730380909,-0.000954381398265455,-0.00165205994346569,0.00168082477512351,0.000126828002593939,0.00493024509171889,-7.27165427265871e-05,-0.00409702197682028,0.000529363341086199,0.00101476931712542
Weather_Condition_Rain Showers,0.000679434639897681,-0.00585924541811118,0.00428912350019611,0.00135409349861026,0.00154345698342124,-0.000387929199162016,0.000667628627618262,-0.0107288514896808,0.00132103726123605,-0.00188419045941597,-0.00332907097454204,-0.00516117046363759,0.000726138401292287,0.0127292804152265,0.0124695406090923,-0.0170974529155498,-0.00154287726298522,-0.00665118880740799,0.0147191219984741,-0.0244762060160185,0.0417815140252535,-0.00706093941322725,-0.00245441855373968,0.00440951297919813,-0.0332048487018509,0.0355237343198565,0.0202515310626692,-0.0421643706381775,-0.0338582637161576,0.0694968671484616,-0.0875303943823079,0.183852289782425,0.0754698036097834,0.00534781951272855,0.0541953944272114,-0.0483601161756742,-0.00264143041493518,-0.0996520220268672,-0.0862688053646575,0.137562290952285,0.0133616964639359,0.0357101474998814,0.0262794151952529,0.0453240811393286,-0.00111178559203611,0.00747763633069847,0.174802860676637,-0.0154600699520021,0.0851077487675059,-0.0225189693601832,-0.191314621677088,-0.0747560834569197,0.000594298025441444,-0.0229800541703679,0.0421605062393034,0.346889061582136,0.132450126389867,-0.2771524131915,-0.025074637335341,0.0911523048199509,-0.359071870477416,-0.134433623801377,-0.257807358365293,0.118772537916097,0.0309128654589136,0.296509877674006,-0.220766098847945,0.162895258551806,-0.0225594217006803,0.0857930155363014,-0.0274922318283901,0.0826746480646628,-0.091964447658926,0.0589924534073762,-0.0314030207348027,0.0555046452737668,-0.125580075555079,-0.0788119317703025,0.177200660760996,0.189833980313523,0.145527472258056,0.0878148329781832,-0.150004882024866,0.0983521012010407,0.0273482707955383,-0.00489859282630813,-0.0942008175840775,-0.0381213502217009,-0.000559957791961414,-0.00897717070523741,-0.0128520104562234,-0.0293858937946392,-0.0096868749824356,-0.00213164027472725,0.00684483343468924,0.00173877963426515,-0.001898761485107,0.00899929480846909,0.00881759321253117,0.00227911055338135,-0.00112992466026261,-0.000846643364929602,0.00110695733705669,0.00232462176135786,0.000501206199902815,0.00754087560886236,-0.000134296755037074,-0.00330676406336278,0.000445250208551686,0.000376736250281354
Weather_Condition_Scattered Clouds,0.0408798166243311,-0.0153072418174476,0.135934073395265,0.047920344078658,0.30197783327762,-0.133394706997853,-0.0119235309304153,-0.214860011220645,0.201344358803056,-0.0161692334438724,-0.0686086766485639,0.163875581964122,0.0314026074897652,0.405144328931253,0.0461764218517017,-0.0329074712770234,0.0279016752907575,0.0876569929292127,-0.0914223485539207,0.0396494541234631,-0.0282663004656663,-0.0378975538076759,0.0224130991738519,-0.0203571250469653,0.0817276149201017,-0.0211524672231094,-0.00296109289854784,0.00497218278671661,0.0324371220279713,-0.0329855425106746,-0.0102461019262683,0.0331796153427223,-0.070849637305894,0.0155521029722387,-0.0204701989750539,-0.0784943769657316,0.0237426926330731,0.00593048542763953,-0.0177097026136499,-0.0253326908670418,0.0357950473897111,-0.0314376912052666,-0.0418412566029108,-0.0399078597581736,0.0165883955129755,-0.0194022862749392,-0.0189541203794713,0.0229262308794005,-0.0400045963746402,0.0256226949200359,0.0347371995359725,0.0198506995133008,-0.000506244486866874,-0.00183411334241778,-0.00503479575547927,0.00205616551502274,0.00767975294492487,-0.00462590837547789,0.00405588739857384,-0.00025507602486376,0.0156683252663852,-0.000579215061604989,0.00251591361705161,-0.00260547085464359,-0.00299761298014042,-0.0116478902704119,-0.0123231132882192,0.00463450480154619,-0.0196331168588365,0.0146140805087406,0.00875668807225237,6.58684002886496e-05,-0.00200893369782234,0.0183234931657348,0.00954413382235677,0.0191833729756254,-0.0269363622091577,-0.0196607100460697,0.0311429844923355,0.0638341064103702,0.00332410157003862,0.00261440275729282,-0.0165421576433152,-0.0262466873001595,-0.00584854409114695,0.016413932733372,0.155166084170874,0.0986358429703719,0.118679712358816,0.183660557786904,-0.0881038139235279,-0.275888127184917,-0.0873428824148235,0.0187428562877838,0.00980505866755518,-0.0505984740982485,-0.185795505398956,0.209742423730306,0.466694199561524,0.0353912896358202,-0.0170484538388078,0.0561313186976821,0.0675047629650023,-0.0100415027141149,0.00285513227645964,-0.0436026971367773,-0.000581595821723752,-0.174781442698853,0.0190039805497356,0.0249876031518927
Weather_Condition_Shallow Fog,-0.0113101334086733,-0.028758808718097,-0.0212823129681834,-0.00495169415795031,0.0253160021564053,-0.0100118341299694,-0.00140124476310862,0.0339393122672657,-0.0237222041567962,0.00621475939873077,0.0441883573168786,0.0218223550772807,-0.0430773249818937,0.0092715472557246,-0.00965960631740806,-0.0119117181596819,0.0176986664972634,0.0307473415731412,0.020549829471251,-0.0231541075689423,-0.00290596239488344,0.0297034992012773,-0.0360036677661647,0.0950045824074378,0.00206027083922049,-0.0247300912141151,0.0364163662866582,-0.0237163230631164,0.0528905548530826,-0.0151254851308592,-0.0396624164207323,0.0949822421838657,-0.00251649410350106,0.00191351782950249,0.0483570333186016,-0.118366307831527,0.125914627798651,0.135687874473003,-0.0272829657032816,0.117168324017218,-0.24280601834386,0.133261114660712,-0.241383413801223,0.328210404973679,-0.00856269178023895,0.354404994555479,-0.192097023476147,-0.0397394699867303,0.143007225487389,0.01987138409341,0.15634683842853,0.105971636955556,-0.19516666059228,0.264657398139712,-0.0694000252732926,0.102584956220604,-0.00798065560337363,-0.0149442333055442,-0.0612210121183112,0.0310207450897652,0.0745763179772547,0.018345243687987,-0.020347503079301,0.0241744645963738,0.0655367978141012,-0.0907851977068857,-0.16907420842403,-0.218273608144421,0.111802220389279,0.0992809930450919,-0.18775957908211,-0.0100137063135181,-0.0529697649385243,-0.0526080994066401,0.0432103134425577,0.108765487805958,0.161958104524582,0.0457761729646311,-0.0402358287795286,0.0612536136277869,0.146639967466554,-0.0614443532686199,0.00575495645014602,0.0807276863792151,0.110611295092349,0.0329918593841109,-0.0126906985075327,0.0574835391429537,0.0627143504935158,-0.0764014608676177,-0.0863991348909774,-0.0681392983377755,0.15170723338395,0.0466725776764585,-0.0153843048338603,0.0108204179142187,0.0150128398484849,0.0336371392855428,-0.0123408705179887,-0.00166003669997358,-0.000142899168572458,-0.0204652678636245,-0.00727501427952319,-0.00317926508960917,0.00167421723652261,0.00726175391243889,0.000314434537953786,-0.0229322324810552,0.00169169693392398,0.00141436525978338
Weather_Condition_Showers in the Vicinity,0.00343356297370199,-0.0175932430439718,0.0146687089080644,-0.0238751934865516,-0.0239537634892616,-0.0112141778331751,0.00340705028241184,-0.0159885836554717,-0.0217495767802462,0.00321292510922112,0.0196894659839622,0.00369196965930456,0.0206763030325933,-0.00993461200618737,0.0398620315174998,0.0531249651169277,-0.0105255107578966,-0.00886145690918374,-0.0884768139172719,-0.0708955515378256,-0.0603459015486259,-0.0107250567512734,0.0161526251386019,-0.0757280999692989,0.00619318573399614,0.0988044802569349,0.0210868965215221,0.0437714756500598,0.0777161164164118,0.0479112143532885,0.0142568292437732,0.0125833862131177,0.0363405136590773,0.344932011382809,0.0584572156320661,-0.0380457067574098,-0.0808341236660098,-0.00141037638344667,-0.185040005560002,0.101685288183607,-0.0359229862728337,0.116172308533393,-0.105343686654847,0.0254441737465973,0.342017093223492,-0.0458117351002899,-0.149580968962762,-0.0981365642380788,0.0128299594105408,0.019756977994252,0.052373670091908,0.00408810782492564,0.0713525775144177,-0.0852955356244155,0.0760118813586901,0.000277130188811312,0.165608298772506,-0.145110761232038,-0.1302491148411,-0.1067220110959,0.0743077720367027,-0.0167204741404785,0.00679305079156661,-0.0170841949899732,0.016922762370829,-0.196874564143925,0.0335674640490765,0.0342707737058951,-0.0999149317312764,0.157980277917607,-0.104855377398297,-0.0938337191641371,0.0258641490531817,0.130608313747279,0.0564935731949741,-0.326992733628384,-0.266707965046669,-0.117720968169271,-0.22917507012883,0.0324240452482968,0.0425421811623874,0.151456450972788,-0.04139046621002,-0.223160991538293,0.00755924755302387,0.0261474222683088,-0.0903174153086851,0.0220175882183212,0.0375281914673168,-0.164594694086213,-0.0406023616242115,-0.0161879388441972,-0.0730099839404637,-0.0297887333301983,-0.0574869164102622,-0.0193226572301127,0.00293804284872156,-0.0139153087103384,-0.00839032299280458,0.00208054037044904,-0.000790500848677443,-0.00125146606940176,0.00456597958098595,0.00188524095518382,-0.00278422022596434,0.0184654502786471,-0.00023910741744992,-0.0309835849257447,0.00372618888768462,0.00718037515197932
Weather_Condition_Smoke,-0.000389080105313886,-0.00234115517843242,0.00393818101188575,0.00887721517197508,0.018895197432702,0.0146950298887871,0.0068812634966289,-0.0116696875780032,0.0149240640750627,0.0100671045358228,-0.050642865550962,-0.0146541628129245,-0.0130155786329173,-0.0357830045387777,0.0480919712097545,-0.0403002030229158,-0.0142229500614663,-0.0389230361980747,0.0441808190365765,0.0344492777774951,0.0414711937328168,0.11254124327596,0.0310715513994267,-0.0323938729447028,-0.0699543908822122,-0.052084524005945,-0.0244062902605724,0.00593005028213,0.0331087662701266,0.0455930204323638,-0.181416675866188,-0.0879540613647583,-0.0923425760063387,0.117717893351197,-0.0160006479016967,-0.102392076206278,-0.0461818431112672,0.0106203227452327,0.0870904410299942,-0.00521367274275397,0.0597566356989504,0.0963091332507268,0.109307869845876,0.107114205566241,0.266711072360821,0.201734611344215,0.0500122955468414,-0.0536213364039848,-0.179359155802001,-0.0740162478457298,-0.0785878659524245,-0.219397416350221,-0.212871107184759,0.105337091084958,0.281729428988373,-0.0363192347379561,-0.137446386385499,0.173335007353426,-0.118447362340761,0.0296053199327834,-0.10118479338361,0.0567038955846677,0.000324475093229024,-0.00160375243413948,0.0614901192493656,0.0259866870831021,0.0664995424462011,-0.0697897078856661,0.0526637214550696,-0.00585347666732585,0.117889524295321,0.0991196349774429,0.0629897169140215,0.132769366498104,-0.0728732787126765,0.015319504773638,-0.0386493100149669,-0.00934751967567164,-0.134518723211987,0.283874505998182,-0.359589083967431,-0.169661815618466,-0.205189303196552,0.126702706428965,-0.0745199803708723,-0.109792616464542,-0.0212819809963764,-0.0162460336414749,0.0689759403370436,0.036540857865961,-0.00624283985941105,0.0608599557139265,0.0202091364674662,0.0157338578004662,-0.00740406978771437,-0.0251562503131981,-0.0137128667971635,0.00752837915519525,0.0170785054646076,0.00102926899048436,-0.000679383762297032,0.00701039535353868,-0.00447338729369266,-0.0102911549017151,-0.00266755075621523,0.00478020151775979,-0.00106039075217625,-0.0181726713981256,0.00152870131878434,0.00345286839535621
Weather_Condition_Snow,-0.000373715236988671,-0.00400066080332185,0.00021213751798241,0.0012571258778945,0.0047983852380818,0.00503622179715199,0.00394495748272581,-0.000943080163602811,-0.00205231557722284,0.00146062550391317,0.00732573351760026,-0.018867358703218,-0.0051424841633025,-0.0309610445506516,-0.00304586944990602,-0.00595216787156396,0.00135751234366973,-0.00162025644238521,0.00595159171705737,0.0110137211515803,-0.00127880887501939,0.0584431079253124,0.00923215661239682,-0.0100355370355123,0.0188594545785492,-0.011104009269541,-0.00427058239151362,0.0144049771955887,0.0473786164349166,-0.00337882259593208,-0.0938739962252992,-0.00624498945809035,-0.0856728407887278,0.0291694735578877,0.00180863054275364,-0.080820022687664,0.0199442972411477,-0.0327242309157214,-0.012086052849946,0.00863817114133064,0.128905698844875,-0.00541791048813164,0.125934177208377,-0.0792909791498079,-0.207566202004698,-0.0216985612960983,0.0244561328968025,0.0278466640962659,-0.0519552650609947,0.231989702352533,0.0684027825678499,0.267081015864959,-0.00167222771411594,0.0769472185798449,0.0351426457878927,0.226699755921762,0.294599045356599,-0.133805314725466,-0.249289791946629,0.0330178656810967,0.262345093112984,0.340910317869321,0.248482699518599,-0.16925438051589,-0.16642256281868,0.314270464431573,-0.0799108505366892,0.021306113927967,0.0526160729547534,-0.0216879509990981,-0.0440677887782029,-0.174395667674429,0.0761541778042392,0.100156699575771,-0.0231691114828561,-0.0717453188825001,0.0100350632360572,0.0171832897038046,-0.0486289387257726,0.112870099284873,-0.0931763069563763,-0.0911328812778866,-0.090797538897188,0.0783593342890994,-0.0128101569277708,0.00932939144267329,0.0461945659983036,0.00409948805915188,-0.0206683460213313,-0.0666485461162041,0.0237947284596606,0.0502460076455071,0.0211580398528113,0.00367578079721771,-0.00235131352626896,-0.00637294626939497,0.00827739938454054,0.00310928022078968,0.00659318221241056,-0.000277992757709212,5.35658772266249e-05,-0.00422414837551461,-0.00203922837472439,0.000672549084537132,-0.00124675175918708,0.00387940933484827,-0.000191327481195961,-0.000907892130043913,0.000171770056591453,0.000229659265850382
Weather_Condition_Squalls / Windy,-0.0023906962999194,0.00213447564639442,0.00683932218168651,0.00450170328832077,-0.00156356453156673,0.00562386298812667,0.00197894721385835,0.00504940381366694,0.00357719528536853,0.00151740874566894,0.0126164510186676,-0.0212032886342176,-0.0234732866363683,0.0117648851762631,0.0193032544423838,-0.02930450127942,0.0596511481255723,0.0187211390308241,0.00632657256614001,-0.0128495602100858,-0.0814360284827427,0.0122280925966767,-0.0914634932498495,-0.0688746071973397,-0.030352430242232,-0.0898993233718461,0.0373534943070189,-0.0440456827984662,-0.102683182355687,-0.0568235035866668,0.0393763867452105,0.0118440380302974,0.0180152864378689,0.0588091845189748,-0.0762286483892499,-0.0274001910466637,0.0754367235583541,0.089633348174573,0.142501388446212,0.0374700257067788,0.11658676483706,-0.0990761664632947,-0.0502310157861514,0.111011399713179,-0.101227265096725,-0.0360650587464226,-0.0799348427777167,-0.22373227048164,0.0540306135499227,-0.134008114942416,-0.34354170921812,-0.0105763543582661,-0.0195273206261266,0.0633377312678601,0.227566002238241,-0.00363684189187008,-0.00580021959363461,-0.106024540737608,-0.105160760021218,0.0805391961511296,0.33600582593467,-0.0887351705563403,-0.0653000599754159,0.0449538382994707,0.0290028096049412,-0.0921299597297289,-0.168241468351052,0.18422238383023,-0.272921493182821,-0.183087351940753,-0.0285312901775387,-0.0022711196493123,0.170200995534922,-0.202300521037536,0.0915511311960712,-0.0665237696806282,0.0289398328741793,-0.0439866173562433,0.0322918587012465,0.206104661440633,-0.0296974154952837,0.00709227882194544,0.320531024587368,0.0591210605535646,-0.0304572827936897,-0.077864829573823,-0.0413341205013585,0.0570154183488653,0.0644960066061037,-0.00249321370806098,0.0854612522027945,-0.020275894131343,0.0180448675607512,-0.0148866763481051,0.0107527284517954,0.0331486122830602,0.0083022263067063,-0.00262573378053551,0.00386302382726008,0.000460795115832859,2.4139510876054e-05,0.00597990128191371,-0.00472263797783385,0.00673897129077624,0.0061789222206601,-0.00146426992433361,0.000382642667459431,-0.00290439163234418,0.000398613452923322,0.000774761420108627
Weather_Condition_T-Storm,0.00478776693317685,-0.0972383104289894,0.025875967836304,0.00640148510273346,-0.0984922410069371,0.0122323625785888,-0.00677006921278291,-0.0170736092081972,0.0520833213610441,0.0028487792666211,-0.0423454484676829,0.0112334584642536,0.0499321299489491,-0.0298689211934151,0.0130859689387257,-0.0516555323243547,0.116848604031133,0.061609759298455,-0.0996156180878163,0.0148910475494446,-0.0968530432073592,0.0250402736761581,0.0569748893110248,-0.0380663602018018,-0.0264931070054455,-0.120238138864557,0.00654425444426468,-0.00453536386755138,0.102052439004414,-0.000307716508929185,-0.114943902291316,-0.124420027957784,0.110747570928982,-0.347106458692251,0.354247447542595,0.150365831901977,0.206430201701733,-0.403942849622846,-0.122258192499082,-0.159009516052587,0.014520486807476,0.15591703315997,-0.116302272351169,-0.0937815858960539,0.142691977515135,0.162415356648221,-0.0611866582744602,-0.0411849968992168,0.0211189880733884,-0.0581874176655518,0.0405396057533139,0.00861539960260146,-0.000144194771820026,-0.00715367676519055,0.0257594326761163,0.0139136279353353,0.0341571607771688,-0.0367182300734951,0.0031000600536002,-0.013287022139436,0.00330670659694986,-0.00345644315067982,0.00384359519782047,-0.00750520961008507,-0.00493404110626359,-0.0213072124003734,-0.0153864594511818,0.0151158382537916,-0.0573730395008103,-0.000269247318530276,0.00967833127912405,-0.108590574982932,0.141521903848727,-0.0299000996235913,-0.0644361005545054,-0.0133481341851913,-0.0772840029734795,-0.0837777335855783,-0.0564912170537033,0.0237235114982852,-0.0467227637062533,0.0899963546134647,0.16152261258409,0.248377976687743,0.0478103987034895,0.0560556837561075,0.130274974254375,0.0274789708442703,-0.0291536260954572,0.100601498366606,0.0108723380125516,0.0389082316365197,-0.0897558754779154,-0.0393210794359168,-0.0466131176862543,-0.0366571171636121,0.0152493230793703,-0.0144580350604469,-0.0525964049486764,0.0128099324593217,-0.0122643157984593,-0.055710121616123,0.0491451297871441,0.0376318132533089,-0.00215589094837558,0.108528349206854,-0.003140312396498,-0.0950505583438619,0.0115731486273795,0.0227092032265084
Weather_Condition_T-Storm / Windy,0.00476862940338957,-0.0202125564783092,0.0371524480998825,0.0192456133327721,-0.0407400999445444,0.0444171294955376,0.0133555938465603,-0.0238913657030748,0.0130986350894255,-0.00840024136779333,0.0325345338302506,-0.0181550116070209,-0.0763256113881883,0.0180930714953593,0.025122366494318,0.0146236288013705,-0.0145539504649714,0.0166378233676318,-0.0142836535021546,-0.00827466429072097,-0.0233655488213668,-0.0438680819282301,0.0939293992658868,0.0252510544014089,0.000730520275253084,-0.0416666496172876,0.0880627584405159,-0.0346919304628516,0.00761948299228553,-0.0403768528887384,-0.0167562698433588,0.0111074269023692,-0.0121457283969352,0.064715011077882,0.00979362129408247,0.0896099756446631,-0.0158788867002341,0.106643508459884,-0.0616238458928843,-0.124790472309284,-0.0102962971172689,0.0839162262586608,-0.0841010974227492,0.25678228161711,-0.307267050251821,0.0437206853249907,0.184219643133148,0.198230159973993,0.0241889506269395,-0.0986188002875912,0.206860069146853,0.0188190431385232,0.139998119251083,0.0120276032513695,0.149841332164121,0.0457356637392778,-0.196518772470488,0.0623475501948931,-0.228896796512063,-0.217319525879945,-0.128784505633209,0.0375945389112337,0.0492719235808894,-0.0509407494256157,0.020846724796611,-0.0216486847130469,0.00485469067756387,0.216242461569193,-0.117211110014303,0.155959450840074,0.310241669875016,-0.0371027680833656,0.0251360884569806,-0.0764823262942195,0.0806025132151543,-0.10690670289569,0.123811085235115,-0.349591759225625,-0.097249690944514,0.0405912024988421,0.127866282210983,-0.0454886995050843,-0.0237478417744861,-0.014973567133469,0.0262124180926256,-0.0442807489821125,0.037122738166475,0.0153163189618859,-0.00130153553913821,0.0629098712450422,-0.00335414614187658,0.0605903340899492,-0.0686037889184008,-0.0475554318859198,-0.0308164757170774,0.033623641393133,0.0234411122421585,0.00289228278077978,0.00266893929509742,0.00179688259156746,-0.000214775321899985,-0.00384429920265763,-0.0312420052397584,0.0390947511067447,0.0398216431676132,0.0384923748019665,-0.00125186413442235,-0.0220579494285806,0.00187217884149565,0.0051918455385024
Weather_Condition_Thunder,0.0292540851077908,-0.0052783952564091,0.0197706813721712,-0.0239849595370352,-0.0820055207438944,-0.0488440744013313,-0.0303061351532619,0.0353018448638915,0.0448714427453598,0.02768955157272,-0.0163292226630905,-0.0906953482389139,0.0219526105069393,0.0550817349063308,-0.0820319609527102,-0.089784043184152,-0.0779262451532738,0.0397987487905172,-0.15503301304298,0.102704972339307,0.00171010687765519,-0.0402051274282749,0.0493797938775807,-0.161366998428592,-0.0700209622773154,0.102442889273331,-0.00236682762236159,-0.0766704319685901,0.281681394035678,0.0753185565249685,-0.0152187453658792,0.0744280504069465,-0.115287903379734,0.224675325989025,0.26595675392295,-0.089252380421391,0.290479081757677,0.145588458265463,0.4799661416577,0.101243922506403,-0.0113902728512322,-0.00866636866528968,-0.051689773593947,-0.112582623647549,-0.0409544683844336,-0.0514880558211286,0.0168194284499062,0.0571740351434152,0.0608018793981028,-0.0597080220180731,-0.00630644160095454,0.0146364329231584,-0.014380010467745,0.0058005788976363,-0.0382859033273557,-0.00367889673162446,0.00874981095846137,0.0193642654069392,-0.00105856466167044,-0.00396356988745495,-0.0161635551554867,-0.00407735782767928,0.00478446159564085,-0.00288271294346574,-0.00610295592174163,0.0013051959613262,0.0283433876105551,-0.0215618645983614,0.0219712966149283,-0.0487002704967323,0.1056171880843,0.0552929707811324,-0.121411116536296,-0.101886771597154,-0.0542371069506603,-0.0326565628420447,-0.0461914180947124,0.0230289482552297,0.050933242707526,-0.0890809243092719,0.00786401581219171,0.0337898172960115,-0.063415225862724,0.125040813205496,0.128206725677058,-0.102736559188263,-0.0205582240824237,0.118895380371313,-0.135373024667757,-0.133291029291426,0.0250694249468688,0.0196084822459304,-0.199204538104791,-0.0963157293420193,-0.117549417448593,-0.102849160198398,0.0199225618785246,-0.0399880515334892,-0.0300233957666403,0.00520006509051238,-0.00386286378721878,-0.00237516646974572,0.046215519962668,0.0187801765802826,0.00249567937646076,-0.0188279021213849,-0.0019824937391414,-0.103491769554419,0.0122682967056037,0.023572009978674
Weather_Condition_Thunder / Windy,0.00853004859410001,0.00366033733351001,0.0235844857206391,0.0113689761763541,-0.0239760478683962,0.02380364657743,0.00390737599696724,0.00211912758843308,0.0211095579916498,-0.000956655639428331,0.0399333963273694,-0.0105063780793228,-0.0447088053343358,0.0204927781339257,-0.000938711920411469,0.0190756881934073,-0.048279635898313,0.0584791342808022,-0.0475291655561867,0.0122494083211625,0.025770247123038,0.00863388779942259,-0.0131212450658857,0.0078926808872378,-0.023729076413189,0.0286453881193045,0.00449476012742593,-0.0551715356889892,-0.0484747774417,-0.0663798414467521,-0.0370276587539536,-0.0220972604447161,0.0507418858394109,0.0467954243787229,-0.00923271733944681,0.0931912162997442,-0.0416992149462925,-0.00768247906590729,-0.0304924348288037,-0.0967809846187109,0.0593712419879342,0.224340987918443,-0.0123020920503713,0.00558071159535817,-0.10904281452511,0.168713136575848,0.278810919799309,0.126682298098864,-0.011416593794855,0.124781114627624,-0.0296969593737921,-0.175946643410134,-0.424482731993232,-0.0169081782373406,-0.102437583645393,-0.0562773235369981,0.209393891221391,-0.0288342646488059,0.139339343069781,0.138252448410413,0.269755560506024,-0.0204877484653625,-0.0570146752624657,0.0260557112342322,-0.0197472630001132,-0.103468732245067,0.125066935459326,0.043364185883159,-0.0144603055468825,-0.0882841774031117,0.0358575353602531,0.0666186534692154,-0.151779159221429,0.17816866185305,0.42802898081187,-0.119204051019246,-0.0645431768137387,-0.0928665660832231,0.139552662381736,-0.0648811316980634,0.0414454067702294,0.0553400237755901,-0.0325615057748302,0.0364889989365548,0.0362821990431395,-0.0524471819133729,0.01823825170692,0.0258470981865465,0.00649737724441894,0.046480191064569,0.0215587116884997,0.0508135054377663,-0.0564687815409806,-0.0118315387190006,-0.0195328686301603,0.0105932720599885,0.00929780333069585,-0.0103638269478664,0.00425957990461872,-0.000239752504636598,0.000456928858238527,0.00620626583590312,-0.0209350465371131,0.0280692943503885,0.0302630425424498,-0.00127288770733797,-9.28327876012014e-05,-0.019682025427313,0.00211834657617017,0.00449016690129394
Weather_Condition_Thunder in the Vicinity,0.033089163405954,0.00711806322645948,0.0132865802147345,-0.0130785863145269,-0.0893705857028684,-0.0627537564601307,-0.0392090079118607,0.02652986794596,0.0472670416076759,0.0343726454075306,-0.0114554638802069,-0.150075829124107,0.0565569120861342,0.0849987609762141,-0.0347146966273764,-0.160761535199445,0.0688931633946465,0.0666058833252759,-0.115093920239188,-0.046972542609119,-0.0143580323157819,0.00608381529852793,-0.0744986291890719,-0.0259900598263114,0.0678189392111201,0.0305327191973081,0.0112319805888805,0.0263379042604833,0.292892165619848,0.0550095358045556,-0.16833551589086,-0.019556905805334,0.00719877453842201,0.0888940082813283,-0.50124192270844,0.00622357865330926,-0.351515830519798,-0.0834445862661756,-0.141468242497274,-0.17773488103222,-0.164130720916585,-0.0185098917954236,-0.0454173393392902,0.0406173234045265,0.033266621904516,0.0268054857569887,-0.0181663754253097,0.0452217381359166,0.0232236762338111,-0.0144842368226907,-0.0521231055522922,-0.00127107805066547,0.0126086534257509,0.012726081433512,-0.032516995574341,-0.0108348003827766,0.00489643589120558,0.0123378510306117,0.010753262620662,0.00329595325506972,-0.0191132478321099,0.00343476340718652,0.00467069806101441,1.17131020044916e-05,-0.00669400500534015,0.0250394527763992,-0.0301469182118661,0.00620482528065297,0.00576341674520011,-0.0305147918491321,-0.062143814963467,0.00919634316006504,0.0973994915369361,0.0336090864247306,-0.0619082194025568,0.0718708906781906,0.0922953565165345,0.0164962952427406,0.0657472622668457,-0.0103013966694374,0.0637751545075697,-0.00808460261873207,0.135298843335454,0.226958981578766,0.0414928855030629,-0.0897312820830676,0.00497724459987071,0.0692398020002922,-0.189398611314485,-0.134976419126862,0.0488881944745489,0.00753271878719408,-0.218459705371753,-0.0690873736349706,-0.116051634469889,-0.116874334251642,0.0224574091777097,-0.0323483325322122,-0.0321288720343575,0.00583459883521956,-0.00247913082316385,0.00603985668038981,0.0493435831812273,0.0114180948075825,5.51794754807595e-05,-0.0321944450054815,-0.00108333908884673,-0.1115958919017,0.0128726610366406,0.0252459450071331
Weather_Condition_Thunderstorm,0.0138551751193693,-0.00637960390320597,0.0370159222951415,0.00422806594975889,0.0455327902019405,-0.0465453821066991,-0.0122929022184023,-0.0409121886297785,0.0896860571870557,-0.000572029563115687,0.0123443093423358,-0.0164411028710639,0.0422183023923678,0.0150577652123053,0.0469751617967042,-0.00909481227920899,0.0912884810064456,-0.0479057197779047,0.0473424084941607,-0.0125754163918119,0.129471234173254,-0.0620100980361699,-0.0717832370947221,-0.0209236440094306,-0.0416234631344917,0.138167952806576,0.078451080281742,-0.0360146137177888,0.0385237588944531,0.12704312212106,0.095992206383478,-0.115719990774454,0.0788307007484902,0.0549661982515882,0.134481371543056,0.215775319606881,-0.100281455813036,-0.0338387508354151,0.102194441219415,0.0848549558157685,-0.0798933729831384,0.149796817043745,0.488165360951277,0.256121266369911,-0.228500083261932,0.243711414386816,-0.0718772886392139,-0.15034187512287,0.0249975811256864,-0.0867589836820415,-0.0178251955620769,0.0289937430184495,0.0247801682645858,-0.0694804098933741,0.00369325835968257,-0.0374031934930687,0.0224982984925351,0.00794758430396401,0.0171459982462865,-0.000433234971181067,-0.0166076614280758,0.0191686741567989,0.00607293511904095,-0.00101998491053415,0.00931909074519765,0.00760938175447748,0.0228828993143238,0.0506945473136586,0.0196206676313821,-0.0840875926215855,-0.0716563175501867,-0.0956778064292016,0.0194297672588167,0.104905365538373,-0.10669564398097,-0.0476096177398355,0.11622976215988,0.105392119638631,-0.129689674634986,-0.109682016641158,0.0110283250167776,0.271505071866413,0.0334352017713381,0.0205867776204821,-0.0475909521919946,-0.0295952562577974,-0.21223376799563,-0.102650470939616,-0.0428190450490024,0.0766449910655735,0.00837055513794342,-0.02210228855612,-0.038679622998917,-0.00126048948731668,-0.0259090025582422,-0.0855088501979333,-0.0573730894634283,0.0563161681500622,0.116033179758312,0.0128589135979901,-0.00491171081409999,0.0034741974304045,0.0389234030098576,0.0175509287328534,0.00841653997293014,-0.0106440649138962,-0.000383094438970439,-0.0417398461385333,0.00497864071020555,0.0070688496248427
Weather_Condition_Thunderstorms and Rain,0.00137797628709059,-0.0466623005233497,0.0329888239661053,0.00964811658315367,0.0053889199283504,-0.000865291232001191,0.0035564971737813,-0.0506183218690494,0.0466375863721106,-0.00847349434512065,0.000963926454047071,-0.0313805104431918,0.0401057754041828,-0.0390389951938694,0.0252641917800926,-0.0387027203248744,0.060869132763389,-0.0545031058531122,0.0869189087174187,-0.064052494319194,0.183785541535264,-0.0971952355993891,-0.0134518917685936,-0.0207219951940161,-0.102270382117308,0.119481488821174,0.0817200201797556,-0.0829038341543177,-0.0767333330394235,0.0293971736142376,-0.0236117753657662,0.0330481645864194,-0.0343342561644246,-0.0230907866755129,-0.00308953882672487,-0.0550693825175461,0.0574237333724982,-0.0411235422193215,-0.102528319477244,-0.0368802569087358,0.0251058876999251,-0.0937964182807671,-0.259354071052196,-0.0559849243187708,-0.0795749440505089,-0.057454665839837,-0.21887118279713,0.115839817449948,-0.562127799956955,-0.138459903783232,0.0724420253345002,0.178082842246149,-0.186914447129248,-0.0617882280351389,-0.000285564871038807,0.00259458893265404,0.0806641867166458,0.0210898083467446,-0.0769680366374123,0.011603263124355,0.0223701238349867,-0.0397164469804797,-0.0251579494235141,0.00572482925645828,-0.0227343665568891,-0.0319657634784291,0.0546671147127308,0.104733169657476,-0.115141091450614,-0.0202653237065573,-0.0443742693360458,0.116477376570374,-0.0946251959796381,-0.0552733544719862,-0.00230211102101538,0.120316101063386,-0.0307166414964868,0.00201535941354163,-0.0958328702942703,-0.0416256783136519,0.0594996319686099,-0.000140977731661593,-0.032748801962368,0.124681125281219,0.0682572904890808,-0.0470454099116259,-0.33320695659405,-0.181641594081661,-0.0823931032364453,0.0348578709292854,0.0296428585920512,0.0375681346307885,-0.0225815982462516,0.0133517387847104,0.0228633844393999,-0.00912122767777289,-0.0403413782889671,0.0417371089229531,0.0600869428404648,0.00581911188321522,-0.00396795094575083,-0.0193469630333673,0.0143023730204944,0.0189467821666066,0.00605200493703128,0.0559998559993646,-1.99483308009009e-05,-0.0276698179803662,0.00360198773066576,0.00559145098756536
Weather_Condition_Tornado,0.00143146048056459,-0.000255779804824434,0.00249171036871323,-0.0034241245281614,-0.003743753413327,-0.00421734807947525,-0.00192553521405013,0.00279384682948064,0.00871576305294138,0.00217112154622199,0.00544594647696669,-0.00337237308858624,-0.00402703798098719,0.00446674562887183,-0.00717203380972436,-0.0271578998361028,-0.0173104285150126,-0.0153605494390692,0.0344985007329479,-0.0635577368308426,-0.0104705933794244,-0.0336657163670473,-0.0174555313962255,0.0182605466977824,0.0533353626428742,-0.09966466728904,0.193474344201789,0.10248475536577,-0.0267884345211638,-0.0552141847883387,-0.00538396100754463,0.109198826484494,-0.260213179921278,0.0149270749938356,0.0214655125377592,0.129503819077595,-0.0643323876371049,-0.254156178832823,0.105845063404904,0.191995534032533,-0.0200312630247072,0.112081532379903,0.139558650850705,-0.1217433456098,0.120746590585158,-0.0738550137088746,0.0011167374382034,0.17508637930083,0.0272586497875986,-0.105560544496396,-0.101724880375534,0.0415612691486911,-0.114872641094989,0.0433555057465412,-0.0192535883924201,-0.0410038626407005,0.010949438079645,0.0467269231158987,0.0160809572641316,-0.0268105393385574,0.0205489321500465,-0.0107601031926524,-0.0123249486606477,0.00113133306972164,-0.000952067473593624,-0.031082036941198,0.0217112472578039,-0.0357050009153125,-0.00304873214062834,-0.0397919600730707,0.0866781690770212,-0.0836360646174845,-0.158907811210412,-0.014734174323199,-0.0165566615543382,-0.128504584431837,0.0890395312172167,0.131583962505044,-0.21359183185351,0.199761697017357,0.483395834260334,-0.305340712224658,0.086958447838814,0.044918857916473,-0.238858384754518,0.0527181645586529,0.00788870282958289,-0.0176535747250666,-0.0145338720472362,0.0138182970165944,0.0161573448772332,0.0112865553110946,-0.0222236953372717,0.00254933470126156,-0.00628926473224067,-0.00192426673469685,0.000109864589944317,0.00714581626014469,0.000195961991549723,0.000466337302596742,-0.000125522321581148,-0.000109422389918195,0.000939016617136121,0.000546713357394703,1.05341130612007e-05,-0.00130595259955345,-7.48812044421272e-05,-0.0036759980224927,0.000443878327997444,0.000834197205977563
Weather_Condition_Volcanic Ash,0.000250179153051069,-0.00120317239104511,0.00117217244002571,-0.00061779587961764,0.00492678273678982,-0.00100900909481874,0.00134934152695305,0.000281856261669541,0.00150065886630956,0.00211999548178252,0.0128984980416849,-0.0180424010720316,-0.00387961455918855,-0.0278177900922554,-0.00565332789338101,-0.00499679243987634,0.00354870681362618,-0.0016547378356584,0.00451557312123284,0.0104032873098156,-0.00119377344694609,0.057699167681884,0.00909831693244881,-0.0153007765924861,0.0249142682097458,-0.00570798894467705,-0.00333556096953775,0.0127686958383936,0.0473412129712938,-0.0132836069757387,-0.0896115854367201,-0.00571346704912465,-0.0860626981188992,0.0399543675394182,-0.00754029042316639,-0.087555696299552,0.0255770703036961,-0.0516725219613954,0.00402645921443937,-0.0336541555616607,0.158806944705976,-0.0254388209427927,0.115036595914885,-0.0915620770810947,-0.264883625446796,-0.0113528962274517,0.0212924371504927,-0.0464398641763292,-0.125013439619568,0.27056629436273,0.0549455802878308,0.0769272453500281,-0.0267873694579748,0.0471643268585281,-0.211312776674992,0.102187548060259,-0.255510766213721,-0.272466131232765,-0.064010368182433,0.0449539249905535,-0.175196711750001,-0.356645060182257,-0.0171975435948184,0.0775516529460188,0.214705992792579,-0.38334509818614,0.0884700811491806,-0.0558039058966567,-0.0581546180850945,-0.0892969955031811,-0.117845476031627,-0.264286965312076,0.0961955528455282,0.0793558300124381,0.00162457824142833,-0.0698074816917721,0.0225672236964118,0.0148698686328368,-0.0616690887535809,0.107507670262716,-0.0793738343567707,-0.0954550352059422,-0.0814839273869312,0.0833264242264536,0.0082193501953666,0.0100766010012661,0.0435809581678487,0.0123302089200534,-0.0334410139167861,-0.0715312850418951,0.0237403864396811,0.047155233995826,0.0167356810040693,0.00480496414444305,-0.00428320401013696,-0.0049109816514031,-0.00296219412047907,-0.00353541887438164,0.00853209146646458,-0.000162828232906175,4.59063517255128e-05,0.00144339318333457,0.00262415510257047,0.00109684159237221,0.000471767818220969,-0.000281912853726654,-5.25936880363749e-05,-0.000705758760984426,0.000111693781703451,0.000180124769892694
Weather_Condition_Widespread Dust,0.00131961964892342,-0.00195392486088291,0.00427814649144809,0.000218671314154757,-0.00217558824333225,0.00437375933629052,0.00246265978619024,-0.0103697353894571,0.00756965479272429,6.0872217521803e-05,-0.0112060414777919,0.010178156235964,0.0134370331155161,-0.00206258647171022,0.027881567308443,-0.00338019070583299,0.0240130526316377,-0.0386113169295707,0.0559554766197055,-0.00156853417197106,0.0812084271038221,0.0166805843267715,-0.0109221851875936,-0.00435768285489381,-0.0573253115295959,0.0722734125860074,0.052657977479792,-0.0696916041289855,-0.0603436896045365,0.0861887660493709,-0.151003291808349,0.29604504569589,0.0657471188243649,-0.00545056305266664,0.00664030114074248,-0.0625116148416144,-0.0451714131979217,-0.0367375704774104,0.0376512112468695,-0.00155154847423847,0.0823252345330444,0.0488367957963533,-0.0182902957060082,-0.00417706937759618,0.0870808042872587,0.175002854754633,0.133269513094826,-0.00415291507870028,0.0431697886632531,0.0188255306028895,-0.0199979810885902,0.0340779860055809,0.28889062757827,-0.0780922396517838,-0.1275601436006,-0.153952888965834,-0.154319578022679,0.148973872498695,0.198027763695443,-0.0603278923634454,0.244193868790745,0.0415286916435052,0.178315286824014,-0.0702217510294957,-0.0943183785311707,-0.114122659305297,0.039871713575209,0.0139294471874908,-0.0185529173771647,0.0949877231478192,-0.0278302378756316,-0.194025791323622,0.139765355106312,-0.141541862575135,0.031532986385633,0.0549970013198314,-0.138002859597881,0.0266834915995888,0.259643410990802,0.313278858271973,0.131439072563072,0.0549942146179437,-0.249707891794448,0.100440861606695,0.0625975297132199,-0.00454756118119484,-0.197102685279092,-0.107319141509507,-0.0109491558795319,0.0364553087891464,-0.00752698989749048,-0.0122358682286773,-0.000587848520195383,-0.00469750734851527,0.0179465457701319,-0.0128062488888666,0.00941694645575244,0.00228084876441958,0.00885911821669525,-0.000164449114761449,0.000473547101865901,0.00279522309152807,-0.00361777080470443,0.000450222432202187,0.00148891152813623,0.00548805735229941,8.24602516439685e-05,-0.00316662405133606,0.000346974252112571,0.000608471106902365
Weather_Condition_Widespread Dust / Windy,0.000574030335470998,4.54003851170438e-05,0.000421354154935061,0.0025458184333209,-0.000613984794094485,0.00658290541103474,0.00233344752981687,-0.00230355457492272,0.000286160882578699,0.000170863642927794,-0.0103406392282457,-0.00203630603121025,0.0014137617739821,0.0088766760048955,0.00845543180317348,0.00201943768465323,-0.0095656662039749,-0.0312029632069073,0.0309026427657032,0.00742494131127107,0.0116747009997046,0.0404909604590952,-0.00577601227792293,0.00283294565121385,0.000709584405385169,-0.00311058793920865,0.003795683262853,0.00539739298018255,0.0113110599862198,0.0013396677798076,0.00769638466650615,0.00885116433131199,0.00662190922512561,-0.000383830925465948,-0.00769499274492481,0.0503792708051511,0.00661245711695861,0.0514342775756538,0.0611037431798973,-0.0672619763403897,0.0102637262946884,0.0552471526919863,-0.0359869412573838,-0.0344303834142886,0.0902751098466589,0.0457809326089212,-0.00869456632384966,0.0252751366837765,0.0466735504131285,-0.0377352616993118,0.19362043561076,0.0229034168682123,-0.033527798582031,0.0297586851065384,-0.00790302414069277,-0.122247621865995,0.12328097675555,-0.0955027493084281,-0.0701826787339566,-0.3721050042131,0.248627567809614,-0.607112778864775,0.0532867741789625,0.125659544817474,0.0928393741962759,0.426193956267255,0.12170136474839,0.0907654049029481,0.0992286581209694,-0.0166912585595259,-0.0312277509705316,0.0455224700714087,0.118076342979411,0.035809762988946,-0.0543485751502584,-0.0441406105903965,0.136330055091635,0.100035810183472,0.0456597687183653,0.0531208360902849,-0.0356506198726823,-0.0437960136215257,-0.0452327273881981,-0.0472991741387186,-0.000662193095510852,-0.0260601092602157,-0.0101541342350396,-0.0119146797802482,0.0134174225332724,0.0327422142200516,-0.0019782799698094,0.0054702605995966,0.000591327461098282,0.00114142991220365,0.000246287220422239,-0.00724580544181404,-0.00185974742291853,-0.0018477749044213,-0.00115321793506235,-0.00378930150579632,0.00183558383906006,0.00158056611106248,-0.00430868270407297,0.000189033291598103,0.00138958698713468,0.00189866796199205,5.85959378410641e-05,-0.00151156259089023,0.000147105449526348,0.000306887418986171
Weather_Condition_Wintry Mix,-0.000424151460712401,-0.000939732101486832,-8.47226555469534e-05,0.000692235290522265,0.00362687477740646,0.0113669399622474,0.00694168555759035,0.00821433728826848,-0.00218431873767585,0.00145105931868587,-0.00630934071433319,-0.00863877491063263,-0.00157756402146901,0.0225156420791763,0.0103773170983185,0.00573695399779038,-0.014943843307867,-0.053521132176774,0.0554392671649332,0.0123162938218343,0.0279488389245603,0.0656689081765648,-0.010006106067244,0.0100557321399385,0.0063576046840619,-0.019010083130362,0.00383256062394479,0.00558713456808165,0.0204181925073268,0.0122897988443531,0.0135356224313358,0.015839543654301,0.00936203421604479,-0.0315696356609186,-0.0143027887289041,0.058883894171931,0.0585316025197303,0.0657154821539636,0.0576313597163092,-0.125995194310072,-0.0561140445912011,0.011254212674938,-0.0562098615163423,-0.0995853792217483,0.0450155372391746,0.05432674997572,-0.0476896896533019,0.101161899580765,0.124435679747459,-0.0771835759341899,0.0456241896876875,0.0324242464223783,0.0794943555739941,-0.0159339902387158,0.0589563109167005,0.0567378652023935,0.2326215376878,-0.00801742123324155,-0.0415562419939633,0.272398380701393,-0.00463474418188119,-0.109052337385673,-0.299727256662498,-0.469096819952372,-0.0700971938562643,-0.283500193737909,0.126584628152864,0.341696589614978,0.125690745658622,0.149612077336843,-0.00747784895258719,0.0215760266673504,0.0875019818910091,0.0778846186974508,-0.145672126968963,-0.073675266412182,0.265159843226726,0.159805583863442,0.0811138891423697,0.0716950558491131,-0.0639967817147746,-0.0820020812566121,-0.0833054905711671,-0.05758176399439,0.00088211429981221,-0.0415942257550228,-0.0164911480331258,-0.00852919470324856,0.00404779856548012,0.0457865005919943,0.00328796166027471,-0.00695778587697193,0.0164975138712768,0.0116150098040625,0.0070369606722816,0.00682156985733869,0.00254076584689771,0.000470551542930038,-0.00335717102717748,-0.000107841990323314,8.87908075650932e-05,-0.00540466246465939,-0.00541574729389792,0.00069724879795915,0.00271315749427775,-0.000972815697443372,0.00134543316866292,-0.00225066995523144,-0.0006604551019283,0.000608011212939537
